t,dir,ang_pct,steer,pwm_ms,fps,source_file
1767060897.97,STRAIGHT,0,0.0,1.5,0.0,uart_speed1.csv
1767060898.12,RIGHT,11,0.112,1.556,0.0,uart_speed1.csv
1767060898.24,RIGHT,17,0.176,1.588,0.0,uart_speed1.csv
1767060898.34,RIGHT,15,0.152,1.576,0.0,uart_speed1.csv
1767060898.48,RIGHT,15,0.156,1.578,0.0,uart_speed1.csv
1767060898.62,RIGHT,13,0.136,1.568,0.0,uart_speed1.csv
1767060898.77,RIGHT,8,0.082,1.541,14.92,uart_speed1.csv
1767060898.91,RIGHT,9,0.099,1.549,14.92,uart_speed1.csv
1767060899.04,RIGHT,8,0.087,1.544,14.92,uart_speed1.csv
1767060899.17,STRAIGHT,0,0.0,1.5,14.92,uart_speed1.csv
1767060899.31,STRAIGHT,0,0.0,1.5,14.92,uart_speed1.csv
1767060899.41,STRAIGHT,0,0.0,1.5,14.92,uart_speed1.csv
1767060899.51,STRAIGHT,0,0.0,1.5,14.92,uart_speed1.csv
1767060899.65,STRAIGHT,0,0.0,1.5,14.92,uart_speed1.csv
1767060899.75,STRAIGHT,0,0.0,1.5,14.92,uart_speed1.csv
1767060899.89,STRAIGHT,0,0.0,1.5,21.39,uart_speed1.csv
1767060900.02,STRAIGHT,0,0.0,1.5,21.39,uart_speed1.csv
1767060900.16,STRAIGHT,0,0.0,1.5,21.39,uart_speed1.csv
1767060900.29,STRAIGHT,0,0.0,1.5,21.39,uart_speed1.csv
1767060900.42,STRAIGHT,0,0.0,1.5,21.39,uart_speed1.csv
1767060900.56,STRAIGHT,0,0.0,1.5,21.39,uart_speed1.csv
1767060900.7,STRAIGHT,0,0.0,1.5,21.39,uart_speed1.csv
1767060900.84,RIGHT,13,0.139,1.57,22.11,uart_speed1.csv
1767060900.98,RIGHT,20,0.205,1.602,22.11,uart_speed1.csv
1767060901.12,RIGHT,23,0.24,1.62,22.11,uart_speed1.csv
1767060901.26,RIGHT,35,0.35,1.675,22.11,uart_speed1.csv
1767060901.4,RIGHT,41,0.419,1.71,22.11,uart_speed1.csv
1767060901.53,RIGHT,33,0.338,1.669,22.11,uart_speed1.csv
1767060901.68,RIGHT,27,0.279,1.639,22.11,uart_speed1.csv
1767060901.81,RIGHT,16,0.17,1.585,22.11,uart_speed1.csv
1767060901.96,RIGHT,14,0.141,1.57,21.47,uart_speed1.csv
1767060902.09,RIGHT,16,0.161,1.581,21.47,uart_speed1.csv
1767060902.23,RIGHT,27,0.276,1.638,21.47,uart_speed1.csv
1767060902.38,RIGHT,40,0.404,1.702,21.47,uart_speed1.csv
1767060902.52,RIGHT,58,0.581,1.79,21.47,uart_speed1.csv
1767060902.65,RIGHT,69,0.694,1.847,21.47,uart_speed1.csv
1767060902.8,RIGHT,75,0.754,1.877,21.47,uart_speed1.csv
1767060902.94,RIGHT,80,0.804,1.902,21.27,uart_speed1.csv
1767060903.08,RIGHT,85,0.85,1.925,21.27,uart_speed1.csv
1767060903.22,RIGHT,76,0.767,1.883,21.27,uart_speed1.csv
1767060903.35,RIGHT,77,0.772,1.886,21.27,uart_speed1.csv
1767060903.5,RIGHT,88,0.883,1.942,21.27,uart_speed1.csv
1767060903.63,RIGHT,77,0.778,1.889,21.27,uart_speed1.csv
1767060903.77,RIGHT,88,0.887,1.943,21.27,uart_speed1.csv
1767060903.92,RIGHT,89,0.892,1.946,21.58,uart_speed1.csv
1767060904.05,RIGHT,94,0.945,1.972,21.58,uart_speed1.csv
1767060904.2,RIGHT,96,0.964,1.982,21.58,uart_speed1.csv
1767060904.33,RIGHT,97,0.98,1.99,21.58,uart_speed1.csv
1767060904.46,RIGHT,98,0.99,1.995,21.58,uart_speed1.csv
1767060904.6,RIGHT,99,0.995,1.997,21.58,uart_speed1.csv
1767060904.73,RIGHT,94,0.944,1.972,21.58,uart_speed1.csv
1767060904.86,RIGHT,87,0.88,1.94,21.58,uart_speed1.csv
1767060905.0,RIGHT,73,0.731,1.865,22.09,uart_speed1.csv
1767060905.14,RIGHT,58,0.582,1.791,22.09,uart_speed1.csv
1767060905.28,RIGHT,45,0.455,1.727,22.09,uart_speed1.csv
1767060905.42,RIGHT,35,0.357,1.679,22.09,uart_speed1.csv
1767060905.55,RIGHT,28,0.283,1.642,22.09,uart_speed1.csv
1767060905.68,RIGHT,30,0.308,1.654,22.09,uart_speed1.csv
1767060905.81,RIGHT,27,0.277,1.639,22.09,uart_speed1.csv
1767060905.95,RIGHT,28,0.284,1.642,22.09,uart_speed1.csv
1767060906.08,RIGHT,40,0.406,1.703,22.09,uart_speed1.csv
1767060906.22,RIGHT,51,0.511,1.755,22.09,uart_speed1.csv
1767060906.36,RIGHT,68,0.688,1.844,22.09,uart_speed1.csv
1767060906.49,RIGHT,81,0.815,1.907,22.09,uart_speed1.csv
1767060906.63,RIGHT,66,0.669,1.834,22.09,uart_speed1.csv
1767060906.78,RIGHT,62,0.621,1.81,22.09,uart_speed1.csv
1767060906.91,RIGHT,59,0.6,1.8,22.09,uart_speed1.csv
1767060907.05,RIGHT,55,0.553,1.777,21.91,uart_speed1.csv
1767060907.15,RIGHT,59,0.592,1.796,21.91,uart_speed1.csv
1767060907.29,RIGHT,76,0.76,1.88,21.91,uart_speed1.csv
1767060907.43,RIGHT,86,0.865,1.933,21.91,uart_speed1.csv
1767060907.58,RIGHT,78,0.785,1.893,21.91,uart_speed1.csv
1767060907.72,RIGHT,77,0.776,1.888,21.91,uart_speed1.csv
1767060907.87,RIGHT,74,0.743,1.872,21.91,uart_speed1.csv
1767060908.0,RIGHT,72,0.727,1.864,20.98,uart_speed1.csv
1767060908.15,RIGHT,67,0.672,1.836,20.98,uart_speed1.csv
1767060908.29,RIGHT,58,0.59,1.795,20.98,uart_speed1.csv
1767060908.43,RIGHT,60,0.608,1.804,20.98,uart_speed1.csv
1767060908.57,RIGHT,61,0.614,1.807,20.98,uart_speed1.csv
1767060908.71,RIGHT,52,0.525,1.763,20.98,uart_speed1.csv
1767060908.85,RIGHT,21,0.216,1.608,20.98,uart_speed1.csv
1767060909.0,RIGHT,12,0.121,1.561,20.98,uart_speed1.csv
1767060909.13,STRAIGHT,0,0.0,1.5,21.21,uart_speed1.csv
1767060909.27,LEFT,24,-0.245,1.378,21.21,uart_speed1.csv
1767060909.42,LEFT,37,-0.37,1.315,21.21,uart_speed1.csv
1767060909.56,LEFT,39,-0.399,1.3,21.21,uart_speed1.csv
1767060909.69,LEFT,41,-0.411,1.294,21.21,uart_speed1.csv
1767060909.79,LEFT,48,-0.481,1.26,21.21,uart_speed1.csv
1767060909.94,LEFT,34,-0.349,1.326,21.21,uart_speed1.csv
1767060910.07,LEFT,42,-0.424,1.288,21.3,uart_speed1.csv
1767060910.21,LEFT,62,-0.626,1.187,21.3,uart_speed1.csv
1767060910.35,LEFT,58,-0.584,1.208,21.3,uart_speed1.csv
1767060910.49,LEFT,27,-0.28,1.36,21.3,uart_speed1.csv
1767060910.62,LEFT,19,-0.191,1.404,21.3,uart_speed1.csv
1767060910.75,LEFT,16,-0.163,1.419,21.3,uart_speed1.csv
1767060910.88,LEFT,17,-0.174,1.413,21.3,uart_speed1.csv
1767060911.02,LEFT,22,-0.228,1.386,21.3,uart_speed1.csv
1767060911.16,LEFT,33,-0.332,1.334,22.03,uart_speed1.csv
1767060911.3,LEFT,57,-0.573,1.214,22.03,uart_speed1.csv
1767060911.44,LEFT,78,-0.781,1.109,22.03,uart_speed1.csv
1767060911.57,LEFT,88,-0.888,1.056,22.03,uart_speed1.csv
1767060911.71,LEFT,91,-0.915,1.043,22.03,uart_speed1.csv
1767060911.84,LEFT,94,-0.945,1.028,22.03,uart_speed1.csv
1767060911.98,LEFT,88,-0.89,1.055,22.03,uart_speed1.csv
1767060912.11,LEFT,87,-0.872,1.064,22.03,uart_speed1.csv
1767060912.26,LEFT,76,-0.77,1.115,22.07,uart_speed1.csv
1767060912.39,LEFT,74,-0.743,1.128,22.07,uart_speed1.csv
1767060912.53,LEFT,82,-0.822,1.089,22.07,uart_speed1.csv
1767060912.67,LEFT,81,-0.812,1.094,22.07,uart_speed1.csv
1767060912.8,LEFT,64,-0.647,1.177,22.07,uart_speed1.csv
1767060912.94,LEFT,57,-0.571,1.214,22.07,uart_speed1.csv
1767060913.07,LEFT,40,-0.401,1.299,22.07,uart_speed1.csv
1767060913.21,LEFT,8,-0.089,1.455,21.84,uart_speed1.csv
1767060913.35,RIGHT,36,0.367,1.684,21.84,uart_speed1.csv
1767060913.49,RIGHT,66,0.667,1.834,21.84,uart_speed1.csv
1767060913.63,RIGHT,82,0.83,1.915,21.84,uart_speed1.csv
1767060913.77,RIGHT,91,0.913,1.956,21.84,uart_speed1.csv
1767060913.91,RIGHT,95,0.952,1.976,21.84,uart_speed1.csv
1767060914.05,RIGHT,96,0.964,1.982,21.84,uart_speed1.csv
1767060914.18,RIGHT,98,0.982,1.991,21.61,uart_speed1.csv
1767060914.33,RIGHT,99,0.991,1.995,21.61,uart_speed1.csv
1767060914.47,RIGHT,99,0.995,1.998,21.61,uart_speed1.csv
1767060914.61,RIGHT,98,0.982,1.991,21.61,uart_speed1.csv
1767060914.75,RIGHT,92,0.922,1.961,21.61,uart_speed1.csv
1767060914.88,RIGHT,84,0.843,1.922,21.61,uart_speed1.csv
1767060915.02,RIGHT,73,0.737,1.869,21.61,uart_speed1.csv
1767060915.16,RIGHT,66,0.67,1.835,21.61,uart_speed1.csv
1767060915.3,RIGHT,61,0.612,1.806,21.46,uart_speed1.csv
1767060915.44,RIGHT,50,0.504,1.752,21.46,uart_speed1.csv
1767060915.58,RIGHT,40,0.402,1.701,21.46,uart_speed1.csv
1767060915.73,RIGHT,36,0.364,1.682,21.46,uart_speed1.csv
1767060915.86,RIGHT,33,0.339,1.669,21.46,uart_speed1.csv
1767060916.0,RIGHT,28,0.283,1.642,21.46,uart_speed1.csv
1767060916.14,RIGHT,26,0.263,1.632,21.46,uart_speed1.csv
1767060916.28,RIGHT,25,0.256,1.628,21.54,uart_speed1.csv
1767060916.41,RIGHT,24,0.245,1.622,21.54,uart_speed1.csv
1767060916.54,RIGHT,23,0.234,1.617,21.54,uart_speed1.csv
1767060916.68,RIGHT,26,0.264,1.632,21.54,uart_speed1.csv
1767060916.88,RIGHT,25,0.254,1.627,21.54,uart_speed1.csv
1767060916.98,RIGHT,27,0.276,1.638,21.54,uart_speed1.csv
1767060917.09,RIGHT,29,0.299,1.649,21.54,uart_speed1.csv
1767060917.24,RIGHT,26,0.269,1.635,18.89,uart_speed1.csv
1767060917.34,RIGHT,26,0.264,1.632,18.89,uart_speed1.csv
1767060917.45,RIGHT,25,0.255,1.628,18.89,uart_speed1.csv
1767060917.55,RIGHT,33,0.337,1.669,18.89,uart_speed1.csv
1767060917.65,RIGHT,40,0.403,1.702,18.89,uart_speed1.csv
1767060917.76,RIGHT,40,0.41,1.705,18.89,uart_speed1.csv
1767060917.86,RIGHT,38,0.389,1.695,18.89,uart_speed1.csv
1767060917.97,RIGHT,42,0.421,1.711,18.89,uart_speed1.csv
1767060918.12,RIGHT,56,0.563,1.782,18.89,uart_speed1.csv
1767060918.22,RIGHT,56,0.562,1.781,18.89,uart_speed1.csv
1767060918.36,RIGHT,68,0.687,1.844,19.25,uart_speed1.csv
1767060918.51,RIGHT,81,0.814,1.907,19.25,uart_speed1.csv
1767060918.65,RIGHT,87,0.875,1.938,19.25,uart_speed1.csv
1767060918.79,RIGHT,91,0.918,1.959,19.25,uart_speed1.csv
1767060918.89,RIGHT,91,0.913,1.956,19.25,uart_speed1.csv
1767060919.03,RIGHT,86,0.862,1.931,19.25,uart_speed1.csv
1767060919.17,RIGHT,87,0.871,1.936,19.25,uart_speed1.csv
1767060919.31,RIGHT,82,0.827,1.913,21.35,uart_speed1.csv
1767060919.44,RIGHT,61,0.62,1.81,21.35,uart_speed1.csv
1767060919.58,RIGHT,48,0.487,1.743,21.35,uart_speed1.csv
1767060919.72,RIGHT,35,0.354,1.677,21.35,uart_speed1.csv
1767060919.85,RIGHT,22,0.227,1.614,21.35,uart_speed1.csv
1767060920.0,RIGHT,21,0.22,1.61,21.35,uart_speed1.csv
1767060920.13,RIGHT,23,0.232,1.616,21.35,uart_speed1.csv
1767060920.27,RIGHT,14,0.148,1.574,21.35,uart_speed1.csv
1767060920.41,STRAIGHT,0,0.0,1.5,21.85,uart_speed1.csv
1767060920.54,STRAIGHT,0,0.0,1.5,21.85,uart_speed1.csv
1767060920.68,STRAIGHT,0,0.0,1.5,21.85,uart_speed1.csv
1767060920.81,STRAIGHT,0,0.0,1.5,21.85,uart_speed1.csv
1767060920.95,STRAIGHT,0,0.0,1.5,21.85,uart_speed1.csv
1767060921.09,STRAIGHT,0,0.0,1.5,21.85,uart_speed1.csv
1767060921.23,STRAIGHT,0,0.0,1.5,21.85,uart_speed1.csv
1767060921.36,STRAIGHT,0,0.0,1.5,21.85,uart_speed1.csv
1767060921.5,RIGHT,10,0.107,1.554,21.85,uart_speed1.csv
1767060921.64,RIGHT,17,0.177,1.588,21.85,uart_speed1.csv
1767060921.78,RIGHT,25,0.257,1.628,21.85,uart_speed1.csv
1767060921.92,RIGHT,16,0.162,1.581,21.85,uart_speed1.csv
1767060922.05,RIGHT,14,0.147,1.573,21.85,uart_speed1.csv
1767060922.18,RIGHT,19,0.193,1.597,21.85,uart_speed1.csv
1767060922.32,RIGHT,14,0.146,1.573,21.85,uart_speed1.csv
1767060922.45,RIGHT,22,0.227,1.613,21.98,uart_speed1.csv
1767060922.6,RIGHT,21,0.216,1.608,21.98,uart_speed1.csv
1767060922.73,RIGHT,15,0.15,1.575,21.98,uart_speed1.csv
1767060922.87,RIGHT,20,0.208,1.604,21.98,uart_speed1.csv
1767060923.02,RIGHT,26,0.265,1.632,21.98,uart_speed1.csv
1767060923.16,RIGHT,25,0.254,1.627,21.98,uart_speed1.csv
1767060923.3,RIGHT,33,0.335,1.667,21.98,uart_speed1.csv
1767060923.44,RIGHT,33,0.332,1.666,21.31,uart_speed1.csv
1767060923.58,RIGHT,36,0.361,1.68,21.31,uart_speed1.csv
1767060923.72,RIGHT,42,0.428,1.714,21.31,uart_speed1.csv
1767060923.87,RIGHT,39,0.392,1.696,21.31,uart_speed1.csv
1767060924.01,RIGHT,39,0.397,1.698,21.31,uart_speed1.csv
1767060924.16,RIGHT,44,0.443,1.721,21.31,uart_speed1.csv
1767060924.3,RIGHT,46,0.468,1.734,21.31,uart_speed1.csv
1767060924.43,RIGHT,58,0.581,1.79,21.23,uart_speed1.csv
1767060924.56,RIGHT,71,0.719,1.859,21.23,uart_speed1.csv
1767060924.7,RIGHT,83,0.838,1.919,21.23,uart_speed1.csv
1767060924.85,RIGHT,88,0.888,1.944,21.23,uart_speed1.csv
1767060924.98,RIGHT,89,0.897,1.949,21.23,uart_speed1.csv
1767060925.12,RIGHT,93,0.931,1.965,21.23,uart_speed1.csv
1767060925.27,RIGHT,86,0.864,1.932,21.23,uart_speed1.csv
1767060925.4,RIGHT,84,0.847,1.924,21.23,uart_speed1.csv
1767060925.53,RIGHT,87,0.874,1.937,21.84,uart_speed1.csv
1767060925.67,RIGHT,84,0.85,1.925,21.84,uart_speed1.csv
1767060925.81,RIGHT,86,0.869,1.935,21.84,uart_speed1.csv
1767060925.95,RIGHT,83,0.831,1.915,21.84,uart_speed1.csv
1767060926.08,RIGHT,76,0.762,1.881,21.84,uart_speed1.csv
1767060926.22,RIGHT,68,0.683,1.841,21.84,uart_speed1.csv
1767060926.36,RIGHT,59,0.597,1.799,21.84,uart_speed1.csv
1767060926.49,RIGHT,56,0.562,1.781,21.86,uart_speed1.csv
1767060926.63,RIGHT,49,0.495,1.748,21.86,uart_speed1.csv
1767060926.76,RIGHT,51,0.517,1.759,21.86,uart_speed1.csv
1767060926.89,RIGHT,44,0.446,1.723,21.86,uart_speed1.csv
1767060927.04,RIGHT,39,0.392,1.696,21.86,uart_speed1.csv
1767060927.18,RIGHT,33,0.337,1.668,21.86,uart_speed1.csv
1767060927.32,RIGHT,26,0.27,1.635,21.86,uart_speed1.csv
1767060927.46,RIGHT,26,0.267,1.634,21.64,uart_speed1.csv
1767060927.6,RIGHT,23,0.234,1.617,21.64,uart_speed1.csv
1767060927.74,RIGHT,17,0.179,1.59,21.64,uart_speed1.csv
1767060927.88,RIGHT,12,0.128,1.564,21.64,uart_speed1.csv
1767060928.01,RIGHT,13,0.135,1.568,21.64,uart_speed1.csv
1767060928.14,STRAIGHT,0,0.0,1.5,21.64,uart_speed1.csv
1767060928.28,STRAIGHT,0,0.0,1.5,21.64,uart_speed1.csv
1767060928.42,STRAIGHT,0,0.0,1.5,21.64,uart_speed1.csv
1767060928.56,STRAIGHT,0,0.0,1.5,21.83,uart_speed1.csv
1767060928.7,STRAIGHT,0,0.0,1.5,21.83,uart_speed1.csv
1767060928.84,STRAIGHT,0,0.0,1.5,21.83,uart_speed1.csv
1767060928.98,STRAIGHT,0,0.0,1.5,21.83,uart_speed1.csv
1767060929.12,STRAIGHT,0,0.0,1.5,21.83,uart_speed1.csv
1767060929.25,RIGHT,10,0.101,1.551,21.83,uart_speed1.csv
1767060929.39,RIGHT,20,0.204,1.602,21.83,uart_speed1.csv
1767060929.52,RIGHT,26,0.269,1.634,21.94,uart_speed1.csv
1767060929.66,RIGHT,26,0.27,1.635,21.94,uart_speed1.csv
1767060929.8,RIGHT,24,0.244,1.622,21.94,uart_speed1.csv
1767060929.93,RIGHT,25,0.252,1.626,21.94,uart_speed1.csv
1767060930.08,RIGHT,24,0.244,1.622,21.94,uart_speed1.csv
1767060930.22,RIGHT,27,0.278,1.639,21.94,uart_speed1.csv
1767060930.36,RIGHT,24,0.245,1.623,21.94,uart_speed1.csv
1767060930.5,RIGHT,18,0.185,1.592,21.46,uart_speed1.csv
1767060930.65,RIGHT,19,0.194,1.597,21.46,uart_speed1.csv
1767060930.79,RIGHT,30,0.304,1.652,21.46,uart_speed1.csv
1767060930.92,RIGHT,40,0.402,1.701,21.46,uart_speed1.csv
1767060931.06,RIGHT,48,0.486,1.743,21.46,uart_speed1.csv
1767060931.2,RIGHT,60,0.608,1.804,21.46,uart_speed1.csv
1767060931.33,RIGHT,75,0.75,1.875,21.46,uart_speed1.csv
1767060931.47,RIGHT,70,0.703,1.851,21.46,uart_speed1.csv
1767060931.62,RIGHT,58,0.583,1.792,21.48,uart_speed1.csv
1767060931.76,RIGHT,41,0.416,1.708,21.48,uart_speed1.csv
1767060931.86,RIGHT,31,0.311,1.655,21.48,uart_speed1.csv
1767060932.0,RIGHT,21,0.215,1.608,21.48,uart_speed1.csv
1767060932.14,RIGHT,8,0.083,1.541,21.48,uart_speed1.csv
1767060932.28,STRAIGHT,0,0.0,1.5,21.48,uart_speed1.csv
1767060932.43,LEFT,16,-0.162,1.419,21.48,uart_speed1.csv
1767060932.57,LEFT,25,-0.253,1.374,21.03,uart_speed1.csv
1767060932.71,LEFT,29,-0.297,1.352,21.03,uart_speed1.csv
1767060932.85,LEFT,31,-0.316,1.342,21.03,uart_speed1.csv
1767060932.99,LEFT,32,-0.328,1.336,21.03,uart_speed1.csv
1767060933.13,LEFT,33,-0.332,1.334,21.03,uart_speed1.csv
1767060933.27,LEFT,33,-0.336,1.332,21.03,uart_speed1.csv
1767060933.41,LEFT,33,-0.337,1.331,21.03,uart_speed1.csv
1767060933.55,LEFT,34,-0.341,1.33,21.03,uart_speed1.csv
1767060933.69,LEFT,34,-0.344,1.328,21.45,uart_speed1.csv
1767060933.82,LEFT,34,-0.345,1.328,21.45,uart_speed1.csv
1767060933.96,LEFT,34,-0.345,1.328,21.45,uart_speed1.csv
1767060934.1,LEFT,34,-0.35,1.325,21.45,uart_speed1.csv
1767060934.24,LEFT,35,-0.355,1.322,21.45,uart_speed1.csv
1767060934.38,LEFT,35,-0.354,1.323,21.45,uart_speed1.csv
1767060934.52,LEFT,35,-0.359,1.321,21.45,uart_speed1.csv
1767060934.66,LEFT,33,-0.339,1.33,21.59,uart_speed1.csv
1767060934.8,LEFT,30,-0.309,1.346,21.59,uart_speed1.csv
1767060934.95,LEFT,25,-0.251,1.375,21.59,uart_speed1.csv
1767060935.08,LEFT,21,-0.21,1.395,21.59,uart_speed1.csv
1767060935.21,LEFT,18,-0.188,1.406,21.59,uart_speed1.csv
1767060935.35,LEFT,22,-0.225,1.387,21.59,uart_speed1.csv
1767060935.48,LEFT,27,-0.27,1.365,21.59,uart_speed1.csv
1767060935.62,LEFT,29,-0.294,1.353,21.86,uart_speed1.csv
1767060935.76,LEFT,30,-0.302,1.349,21.86,uart_speed1.csv
1767060935.9,LEFT,31,-0.32,1.34,21.86,uart_speed1.csv
1767060936.04,LEFT,34,-0.34,1.33,21.86,uart_speed1.csv
1767060936.17,LEFT,35,-0.359,1.32,21.86,uart_speed1.csv
1767060936.31,LEFT,37,-0.372,1.314,21.86,uart_speed1.csv
1767060936.45,LEFT,38,-0.38,1.31,21.86,uart_speed1.csv
1767060936.58,LEFT,39,-0.399,1.301,21.86,uart_speed1.csv
1767060936.72,LEFT,43,-0.432,1.284,21.81,uart_speed1.csv
1767060936.86,LEFT,45,-0.458,1.271,21.81,uart_speed1.csv
1767060937.0,LEFT,46,-0.468,1.266,21.81,uart_speed1.csv
1767060937.14,LEFT,47,-0.474,1.263,21.81,uart_speed1.csv
1767060937.24,LEFT,46,-0.469,1.265,21.81,uart_speed1.csv
1767060937.38,LEFT,45,-0.459,1.271,21.81,uart_speed1.csv
1767060937.52,LEFT,44,-0.442,1.279,21.81,uart_speed1.csv
1767060937.65,LEFT,43,-0.437,1.281,21.55,uart_speed1.csv
1767060937.8,LEFT,43,-0.439,1.281,21.55,uart_speed1.csv
1767060937.94,LEFT,44,-0.444,1.278,21.55,uart_speed1.csv
1767060938.08,LEFT,44,-0.447,1.277,21.55,uart_speed1.csv
1767060938.22,LEFT,44,-0.444,1.278,21.55,uart_speed1.csv
1767060938.35,LEFT,44,-0.442,1.279,21.55,uart_speed1.csv
1767060938.5,LEFT,43,-0.44,1.28,21.55,uart_speed1.csv
1767060938.63,LEFT,43,-0.44,1.28,21.55,uart_speed1.csv
1767060938.77,LEFT,43,-0.44,1.28,21.4,uart_speed1.csv
1767060938.87,LEFT,44,-0.442,1.279,21.4,uart_speed1.csv
1767060939.01,LEFT,44,-0.445,1.277,21.4,uart_speed1.csv
1767060939.15,LEFT,44,-0.449,1.276,21.4,uart_speed1.csv
1767060939.28,LEFT,45,-0.455,1.272,21.4,uart_speed1.csv
1767060939.42,LEFT,46,-0.461,1.27,21.4,uart_speed1.csv
1767060939.55,LEFT,46,-0.466,1.267,21.4,uart_speed1.csv
1767060939.69,LEFT,46,-0.469,1.266,21.67,uart_speed1.csv
1767060939.84,LEFT,46,-0.464,1.268,21.67,uart_speed1.csv
1767060939.98,LEFT,45,-0.453,1.274,21.67,uart_speed1.csv
1767060940.15,LEFT,45,-0.455,1.273,21.67,uart_speed1.csv
1767060940.25,LEFT,45,-0.456,1.272,21.67,uart_speed1.csv
1767060940.35,LEFT,45,-0.457,1.271,21.67,uart_speed1.csv
1767060940.46,LEFT,45,-0.459,1.27,21.67,uart_speed1.csv
1767060940.56,LEFT,46,-0.465,1.268,21.67,uart_speed1.csv
1767060940.67,LEFT,47,-0.474,1.263,21.67,uart_speed1.csv
1767060940.77,LEFT,48,-0.487,1.257,17.52,uart_speed1.csv
1767060940.88,LEFT,50,-0.5,1.25,17.52,uart_speed1.csv
1767060940.98,LEFT,55,-0.552,1.224,17.52,uart_speed1.csv
1767060941.09,LEFT,56,-0.562,1.219,17.52,uart_speed1.csv
1767060941.19,LEFT,50,-0.508,1.246,17.52,uart_speed1.csv
1767060941.29,LEFT,44,-0.448,1.276,17.52,uart_speed1.csv
1767060941.4,LEFT,36,-0.367,1.316,17.52,uart_speed1.csv
1767060941.51,LEFT,28,-0.286,1.357,17.52,uart_speed1.csv
1767060941.61,LEFT,21,-0.218,1.391,17.52,uart_speed1.csv
1767060941.76,LEFT,12,-0.129,1.435,19.33,uart_speed1.csv
1767060941.87,STRAIGHT,0,0.0,1.5,19.33,uart_speed1.csv
1767060942.01,STRAIGHT,0,0.0,1.5,19.33,uart_speed1.csv
1767060942.15,STRAIGHT,0,0.0,1.5,19.33,uart_speed1.csv
1767060942.3,STRAIGHT,0,0.0,1.5,19.33,uart_speed1.csv
1767060942.44,STRAIGHT,0,0.0,1.5,19.33,uart_speed1.csv
1767060942.58,RIGHT,8,0.084,1.542,19.33,uart_speed1.csv
1767060942.72,RIGHT,8,0.081,1.54,19.33,uart_speed1.csv
1767060942.86,STRAIGHT,0,0.0,1.5,20.77,uart_speed1.csv
1767060943.0,STRAIGHT,0,0.0,1.5,20.77,uart_speed1.csv
1767060943.13,STRAIGHT,0,0.0,1.5,20.77,uart_speed1.csv
1767060943.27,STRAIGHT,0,0.0,1.5,20.77,uart_speed1.csv
1767060943.41,STRAIGHT,0,0.0,1.5,20.77,uart_speed1.csv
1767060943.55,RIGHT,8,0.08,1.54,20.77,uart_speed1.csv
1767060943.69,RIGHT,8,0.08,1.54,20.77,uart_speed1.csv
1767060943.83,STRAIGHT,0,0.0,1.5,21.67,uart_speed1.csv
1767060943.96,STRAIGHT,0,0.0,1.5,21.67,uart_speed1.csv
1767060944.1,STRAIGHT,0,0.0,1.5,21.67,uart_speed1.csv
1767060944.24,STRAIGHT,0,0.0,1.5,21.67,uart_speed1.csv
1767060944.37,STRAIGHT,0,0.0,1.5,21.67,uart_speed1.csv
1767060944.47,STRAIGHT,0,0.0,1.5,21.67,uart_speed1.csv
1767060944.6,STRAIGHT,0,0.0,1.5,21.67,uart_speed1.csv
1767060944.73,STRAIGHT,0,0.0,1.5,21.67,uart_speed1.csv
1767060944.88,STRAIGHT,0,0.0,1.5,21.97,uart_speed1.csv
1767060945.03,STRAIGHT,0,0.0,1.5,21.97,uart_speed1.csv
1767060945.17,RIGHT,8,0.08,1.54,21.97,uart_speed1.csv
1767060945.3,STRAIGHT,0,0.0,1.5,21.97,uart_speed1.csv
1767060945.44,STRAIGHT,0,0.0,1.5,21.97,uart_speed1.csv
1767060945.58,STRAIGHT,0,0.0,1.5,21.97,uart_speed1.csv
1767060945.72,RIGHT,8,0.086,1.543,21.97,uart_speed1.csv
1767060945.86,RIGHT,10,0.102,1.551,21.37,uart_speed1.csv
1767060945.99,RIGHT,10,0.103,1.552,21.37,uart_speed1.csv
1767060946.14,RIGHT,9,0.097,1.548,21.37,uart_speed1.csv
1767060946.27,RIGHT,9,0.096,1.548,21.37,uart_speed1.csv
1767060946.41,RIGHT,9,0.093,1.546,21.37,uart_speed1.csv
1767060946.55,RIGHT,9,0.094,1.547,21.37,uart_speed1.csv
1767060946.69,RIGHT,10,0.102,1.551,21.37,uart_speed1.csv
1767060946.82,RIGHT,10,0.108,1.554,21.85,uart_speed1.csv
1767060946.96,RIGHT,12,0.122,1.561,21.85,uart_speed1.csv
1767060947.1,RIGHT,14,0.143,1.571,21.85,uart_speed1.csv
1767060947.24,RIGHT,18,0.181,1.591,21.85,uart_speed1.csv
1767060947.38,RIGHT,17,0.175,1.588,21.85,uart_speed1.csv
1767060947.51,RIGHT,12,0.125,1.562,21.85,uart_speed1.csv
1767060947.64,STRAIGHT,0,0.0,1.5,21.85,uart_speed1.csv
1767060947.78,RIGHT,9,0.097,1.549,21.85,uart_speed1.csv
1767060947.92,RIGHT,17,0.172,1.586,21.88,uart_speed1.csv
1767060948.05,RIGHT,20,0.2,1.6,21.88,uart_speed1.csv
1767060948.2,RIGHT,16,0.164,1.582,21.88,uart_speed1.csv
1767060948.33,RIGHT,9,0.099,1.55,21.88,uart_speed1.csv
1767060948.47,RIGHT,8,0.083,1.542,21.88,uart_speed1.csv
1767060948.61,RIGHT,10,0.106,1.553,21.88,uart_speed1.csv
1767060948.75,RIGHT,13,0.135,1.568,21.88,uart_speed1.csv
1767060948.89,RIGHT,13,0.139,1.57,21.73,uart_speed1.csv
1767060949.03,RIGHT,14,0.149,1.574,21.73,uart_speed1.csv
1767060949.16,RIGHT,14,0.149,1.574,21.73,uart_speed1.csv
1767060949.3,RIGHT,13,0.131,1.565,21.73,uart_speed1.csv
1767060949.44,RIGHT,9,0.093,1.547,21.73,uart_speed1.csv
1767060949.57,STRAIGHT,0,0.0,1.5,21.73,uart_speed1.csv
1767060949.71,STRAIGHT,0,0.0,1.5,21.73,uart_speed1.csv
1767060949.85,STRAIGHT,0,0.0,1.5,21.85,uart_speed1.csv
1767060949.98,STRAIGHT,0,0.0,1.5,21.85,uart_speed1.csv
1767060950.12,STRAIGHT,0,0.0,1.5,21.85,uart_speed1.csv
1767060950.26,STRAIGHT,0,0.0,1.5,21.85,uart_speed1.csv
1767060950.36,STRAIGHT,0,0.0,1.5,21.85,uart_speed1.csv
1767060950.5,STRAIGHT,0,0.0,1.5,21.85,uart_speed1.csv
1767060950.63,STRAIGHT,0,0.0,1.5,21.85,uart_speed1.csv
1767060950.73,STRAIGHT,0,0.0,1.5,21.85,uart_speed1.csv
1767060950.88,STRAIGHT,0,0.0,1.5,21.34,uart_speed1.csv
1767060951.01,STRAIGHT,0,0.0,1.5,21.34,uart_speed1.csv
1767060951.16,STRAIGHT,0,0.0,1.5,21.34,uart_speed1.csv
1767060951.29,STRAIGHT,0,0.0,1.5,21.34,uart_speed1.csv
1767060951.43,STRAIGHT,0,0.0,1.5,21.34,uart_speed1.csv
1767060951.57,STRAIGHT,0,0.0,1.5,21.34,uart_speed1.csv
1767060951.7,STRAIGHT,0,0.0,1.5,21.34,uart_speed1.csv
1767060951.83,STRAIGHT,0,0.0,1.5,21.34,uart_speed1.csv
1767060951.98,STRAIGHT,0,0.0,1.5,21.86,uart_speed1.csv
1767060952.11,STRAIGHT,0,0.0,1.5,21.86,uart_speed1.csv
1767060952.26,STRAIGHT,0,0.0,1.5,21.86,uart_speed1.csv
1767060952.4,STRAIGHT,0,0.0,1.5,21.86,uart_speed1.csv
1767060952.54,STRAIGHT,0,0.0,1.5,21.86,uart_speed1.csv
1767060952.67,STRAIGHT,0,0.0,1.5,21.86,uart_speed1.csv
1767060952.81,STRAIGHT,0,0.0,1.5,21.86,uart_speed1.csv
1767060952.95,STRAIGHT,0,0.0,1.5,21.47,uart_speed1.csv
1767060953.08,STRAIGHT,0,0.0,1.5,21.47,uart_speed1.csv
1767060953.22,STRAIGHT,0,0.0,1.5,21.47,uart_speed1.csv
1767060953.35,STRAIGHT,0,0.0,1.5,21.47,uart_speed1.csv
1767060953.49,STRAIGHT,0,0.0,1.5,21.47,uart_speed1.csv
1767060953.63,STRAIGHT,0,0.0,1.5,21.47,uart_speed1.csv
1767060953.77,STRAIGHT,0,0.0,1.5,21.47,uart_speed1.csv
1767060953.91,STRAIGHT,0,0.0,1.5,21.47,uart_speed1.csv
1767060954.05,STRAIGHT,0,0.0,1.5,21.97,uart_speed1.csv
1767060954.19,STRAIGHT,0,0.0,1.5,21.97,uart_speed1.csv
1767060954.33,LEFT,14,-0.14,1.43,21.97,uart_speed1.csv
1767060954.47,LEFT,14,-0.142,1.429,21.97,uart_speed1.csv
1767060954.61,LEFT,8,-0.088,1.456,21.97,uart_speed1.csv
1767060954.75,STRAIGHT,0,0.0,1.5,21.97,uart_speed1.csv
1767060954.89,STRAIGHT,0,0.0,1.5,21.97,uart_speed1.csv
1767060955.02,STRAIGHT,0,0.0,1.5,21.6,uart_speed1.csv
1767060955.12,RIGHT,9,0.092,1.546,21.6,uart_speed1.csv
1767060955.26,RIGHT,11,0.111,1.555,21.6,uart_speed1.csv
1767060955.39,RIGHT,11,0.11,1.555,21.6,uart_speed1.csv
1767060955.53,RIGHT,8,0.089,1.544,21.6,uart_speed1.csv
1767060955.66,STRAIGHT,0,0.0,1.5,21.6,uart_speed1.csv
1767060955.8,STRAIGHT,0,0.0,1.5,21.6,uart_speed1.csv
1767060955.91,STRAIGHT,0,0.0,1.5,21.6,uart_speed1.csv
1767060956.04,STRAIGHT,0,0.0,1.5,21.46,uart_speed1.csv
1767060956.18,STRAIGHT,0,0.0,1.5,21.46,uart_speed1.csv
1767060956.32,STRAIGHT,0,0.0,1.5,21.46,uart_speed1.csv
1767060956.46,STRAIGHT,0,0.0,1.5,21.46,uart_speed1.csv
1767060956.6,STRAIGHT,0,0.0,1.5,21.46,uart_speed1.csv
1767060956.73,STRAIGHT,0,0.0,1.5,21.46,uart_speed1.csv
1767060956.87,STRAIGHT,0,0.0,1.5,21.46,uart_speed1.csv
1767060957.01,STRAIGHT,0,0.0,1.5,21.71,uart_speed1.csv
1767060957.15,STRAIGHT,0,0.0,1.5,21.71,uart_speed1.csv
1767060957.28,STRAIGHT,0,0.0,1.5,21.71,uart_speed1.csv
1767060957.42,STRAIGHT,0,0.0,1.5,21.71,uart_speed1.csv
1767060957.55,STRAIGHT,0,0.0,1.5,21.71,uart_speed1.csv
1767060957.68,STRAIGHT,0,0.0,1.5,21.71,uart_speed1.csv
1767060957.82,STRAIGHT,0,0.0,1.5,21.71,uart_speed1.csv
1767060957.95,STRAIGHT,0,0.0,1.5,21.71,uart_speed1.csv
1767060958.09,STRAIGHT,0,0.0,1.5,22.24,uart_speed1.csv
1767060958.23,STRAIGHT,0,0.0,1.5,22.24,uart_speed1.csv
1767060958.37,STRAIGHT,0,0.0,1.5,22.24,uart_speed1.csv
1767060958.52,STRAIGHT,0,0.0,1.5,22.24,uart_speed1.csv
1767060958.65,STRAIGHT,0,0.0,1.5,22.24,uart_speed1.csv
1767060958.79,STRAIGHT,0,0.0,1.5,22.24,uart_speed1.csv
1767060958.93,STRAIGHT,0,0.0,1.5,22.24,uart_speed1.csv
1767060959.07,STRAIGHT,0,0.0,1.5,21.57,uart_speed1.csv
1767060959.21,STRAIGHT,0,0.0,1.5,21.57,uart_speed1.csv
1767060959.34,STRAIGHT,0,0.0,1.5,21.57,uart_speed1.csv
1767060959.47,STRAIGHT,0,0.0,1.5,21.57,uart_speed1.csv
1767060959.61,STRAIGHT,0,0.0,1.5,21.57,uart_speed1.csv
1767060959.75,STRAIGHT,0,0.0,1.5,21.57,uart_speed1.csv
1767060959.9,RIGHT,8,0.082,1.541,21.57,uart_speed1.csv
1767060960.03,RIGHT,9,0.09,1.545,21.57,uart_speed1.csv
1767060960.17,RIGHT,9,0.094,1.547,21.7,uart_speed1.csv
1767060960.31,RIGHT,10,0.102,1.551,21.7,uart_speed1.csv
1767060960.44,RIGHT,11,0.118,1.559,21.7,uart_speed1.csv
1767060960.58,RIGHT,14,0.142,1.571,21.7,uart_speed1.csv
1767060960.72,RIGHT,15,0.158,1.579,21.7,uart_speed1.csv
1767060960.86,RIGHT,16,0.162,1.581,21.7,uart_speed1.csv
1767060961.0,RIGHT,14,0.145,1.573,21.7,uart_speed1.csv
1767060961.13,RIGHT,11,0.11,1.555,21.75,uart_speed1.csv
1767060961.27,STRAIGHT,0,0.0,1.5,21.75,uart_speed1.csv
1767060961.41,STRAIGHT,0,0.0,1.5,21.75,uart_speed1.csv
1767060961.55,STRAIGHT,0,0.0,1.5,21.75,uart_speed1.csv
1767060961.69,RIGHT,8,0.087,1.543,21.75,uart_speed1.csv
1767060961.83,RIGHT,10,0.102,1.551,21.75,uart_speed1.csv
1767060961.97,STRAIGHT,0,0.0,1.5,21.75,uart_speed1.csv
1767060962.11,STRAIGHT,0,0.0,1.5,21.61,uart_speed1.csv
1767060962.25,STRAIGHT,0,0.0,1.5,21.61,uart_speed1.csv
1767060962.38,STRAIGHT,0,0.0,1.5,21.61,uart_speed1.csv
1767060962.53,STRAIGHT,0,0.0,1.5,21.61,uart_speed1.csv
1767060962.67,STRAIGHT,0,0.0,1.5,21.61,uart_speed1.csv
1767060962.8,STRAIGHT,0,0.0,1.5,21.61,uart_speed1.csv
1767060962.95,STRAIGHT,0,0.0,1.5,21.61,uart_speed1.csv
1767060963.09,STRAIGHT,0,0.0,1.5,21.61,uart_speed1.csv
1767060963.23,STRAIGHT,0,0.0,1.5,21.45,uart_speed1.csv
1767060963.39,STRAIGHT,0,0.0,1.5,21.45,uart_speed1.csv
1767060963.49,STRAIGHT,0,0.0,1.5,21.45,uart_speed1.csv
1767060963.6,RIGHT,9,0.091,1.546,21.45,uart_speed1.csv
1767060963.7,RIGHT,12,0.124,1.562,21.45,uart_speed1.csv
1767060963.8,RIGHT,15,0.153,1.576,21.45,uart_speed1.csv
1767060963.91,RIGHT,17,0.175,1.587,21.45,uart_speed1.csv
1767060964.01,RIGHT,18,0.188,1.594,21.45,uart_speed1.csv
1767060964.12,RIGHT,19,0.192,1.596,21.45,uart_speed1.csv
1767060964.23,RIGHT,18,0.185,1.592,17.27,uart_speed1.csv
1767060964.34,RIGHT,17,0.179,1.589,17.27,uart_speed1.csv
1767060964.44,RIGHT,16,0.167,1.583,17.27,uart_speed1.csv
1767060964.55,RIGHT,15,0.157,1.578,17.27,uart_speed1.csv
1767060964.65,RIGHT,15,0.15,1.575,17.27,uart_speed1.csv
1767060964.76,RIGHT,14,0.145,1.573,17.27,uart_speed1.csv
1767060964.86,RIGHT,14,0.143,1.572,17.27,uart_speed1.csv
1767060964.96,RIGHT,14,0.146,1.573,17.27,uart_speed1.csv
1767060965.07,RIGHT,14,0.15,1.575,17.27,uart_speed1.csv
1767060965.22,RIGHT,15,0.154,1.577,19.21,uart_speed1.csv
1767060965.36,RIGHT,15,0.155,1.577,19.21,uart_speed1.csv
1767060965.46,RIGHT,15,0.152,1.576,19.21,uart_speed1.csv
1767060965.56,RIGHT,15,0.155,1.578,19.21,uart_speed1.csv
1767060965.71,RIGHT,16,0.168,1.584,19.21,uart_speed1.csv
1767060965.85,RIGHT,17,0.178,1.589,19.21,uart_speed1.csv
1767060965.99,RIGHT,18,0.189,1.595,19.21,uart_speed1.csv
1767060966.13,RIGHT,22,0.222,1.611,19.21,uart_speed1.csv
1767060966.27,RIGHT,24,0.247,1.623,20.87,uart_speed1.csv
1767060966.42,RIGHT,24,0.243,1.622,20.87,uart_speed1.csv
1767060966.55,RIGHT,22,0.227,1.613,20.87,uart_speed1.csv
1767060966.69,RIGHT,19,0.193,1.597,20.87,uart_speed1.csv
1767060966.82,RIGHT,17,0.176,1.588,20.87,uart_speed1.csv
1767060966.97,RIGHT,15,0.154,1.577,20.87,uart_speed1.csv
1767060967.11,RIGHT,16,0.169,1.585,20.87,uart_speed1.csv
1767060967.25,RIGHT,19,0.2,1.6,21.47,uart_speed1.csv
1767060967.39,RIGHT,23,0.23,1.615,21.47,uart_speed1.csv
1767060967.53,RIGHT,25,0.253,1.627,21.47,uart_speed1.csv
1767060967.67,RIGHT,25,0.254,1.627,21.47,uart_speed1.csv
1767060967.8,RIGHT,24,0.247,1.623,21.47,uart_speed1.csv
1767060967.93,RIGHT,23,0.231,1.616,21.47,uart_speed1.csv
1767060968.07,RIGHT,20,0.209,1.604,21.47,uart_speed1.csv
1767060968.22,RIGHT,18,0.189,1.595,21.47,uart_speed1.csv
1767060968.35,RIGHT,18,0.182,1.591,21.67,uart_speed1.csv
1767060968.5,RIGHT,17,0.176,1.588,21.67,uart_speed1.csv
1767060968.63,RIGHT,17,0.173,1.586,21.67,uart_speed1.csv
1767060968.76,RIGHT,16,0.168,1.584,21.67,uart_speed1.csv
1767060968.9,RIGHT,16,0.169,1.585,21.67,uart_speed1.csv
1767060969.04,RIGHT,16,0.17,1.585,21.67,uart_speed1.csv
1767060969.17,RIGHT,16,0.167,1.584,21.67,uart_speed1.csv
1767060969.32,RIGHT,16,0.168,1.584,21.99,uart_speed1.csv
1767060969.46,RIGHT,16,0.167,1.583,21.99,uart_speed1.csv
1767060969.56,RIGHT,16,0.166,1.583,21.99,uart_speed1.csv
1767060969.7,RIGHT,16,0.165,1.583,21.99,uart_speed1.csv
1767060969.84,RIGHT,16,0.167,1.583,21.99,uart_speed1.csv
1767060969.98,RIGHT,16,0.164,1.582,21.99,uart_speed1.csv
1767060970.12,RIGHT,16,0.163,1.582,21.99,uart_speed1.csv
1767060970.25,RIGHT,16,0.166,1.583,21.99,uart_speed1.csv
1767060970.4,RIGHT,17,0.171,1.586,21.12,uart_speed1.csv
1767060970.53,RIGHT,18,0.181,1.591,21.12,uart_speed1.csv
1767060970.67,RIGHT,18,0.188,1.594,21.12,uart_speed1.csv
1767060970.81,RIGHT,17,0.179,1.59,21.12,uart_speed1.csv
1767060970.94,RIGHT,18,0.181,1.59,21.12,uart_speed1.csv
1767060971.08,RIGHT,17,0.177,1.588,21.12,uart_speed1.csv
1767060971.22,RIGHT,17,0.172,1.586,21.12,uart_speed1.csv
1767060971.35,RIGHT,16,0.165,1.583,22.06,uart_speed1.csv
1767060971.49,RIGHT,13,0.134,1.567,22.06,uart_speed1.csv
1767060971.63,RIGHT,8,0.088,1.544,22.06,uart_speed1.csv
1767060971.77,RIGHT,12,0.121,1.561,22.06,uart_speed1.csv
1767060971.91,RIGHT,9,0.096,1.548,22.06,uart_speed1.csv
1767060972.05,STRAIGHT,0,0.0,1.5,22.06,uart_speed1.csv
1767060972.2,LEFT,22,-0.227,1.386,22.06,uart_speed1.csv
1767060972.34,LEFT,19,-0.193,1.403,22.06,uart_speed1.csv
1767060972.48,LEFT,15,-0.151,1.425,21.24,uart_speed1.csv
1767060972.62,STRAIGHT,0,0.0,1.5,21.24,uart_speed1.csv
1767060972.76,RIGHT,12,0.124,1.562,21.24,uart_speed1.csv
1767060972.9,RIGHT,18,0.189,1.594,21.24,uart_speed1.csv
1767060973.04,RIGHT,23,0.23,1.615,21.24,uart_speed1.csv
1767060973.17,RIGHT,24,0.249,1.625,21.24,uart_speed1.csv
1767060973.32,RIGHT,22,0.228,1.614,21.24,uart_speed1.csv
1767060973.46,RIGHT,15,0.153,1.577,21.38,uart_speed1.csv
1767060973.6,STRAIGHT,0,0.0,1.5,21.38,uart_speed1.csv
1767060973.74,STRAIGHT,0,0.0,1.5,21.38,uart_speed1.csv
1767060973.87,STRAIGHT,0,0.0,1.5,21.38,uart_speed1.csv
1767060974.01,STRAIGHT,0,0.0,1.5,21.38,uart_speed1.csv
1767060974.11,STRAIGHT,0,0.0,1.5,21.38,uart_speed1.csv
1767060974.24,RIGHT,8,0.081,1.54,21.38,uart_speed1.csv
1767060974.38,RIGHT,10,0.107,1.554,21.38,uart_speed1.csv
1767060974.52,RIGHT,11,0.12,1.56,21.68,uart_speed1.csv
1767060974.65,RIGHT,11,0.119,1.559,21.68,uart_speed1.csv
1767060974.78,RIGHT,11,0.117,1.559,21.68,uart_speed1.csv
1767060974.92,RIGHT,11,0.111,1.556,21.68,uart_speed1.csv
1767060975.06,RIGHT,9,0.095,1.548,21.68,uart_speed1.csv
1767060975.19,STRAIGHT,0,0.0,1.5,21.68,uart_speed1.csv
1767060975.33,STRAIGHT,0,0.0,1.5,21.68,uart_speed1.csv
1767060975.47,STRAIGHT,0,0.0,1.5,22.01,uart_speed1.csv
1767060975.62,STRAIGHT,0,0.0,1.5,22.01,uart_speed1.csv
1767060975.75,STRAIGHT,0,0.0,1.5,22.01,uart_speed1.csv
1767060975.9,LEFT,9,-0.094,1.453,22.01,uart_speed1.csv
1767060976.03,LEFT,11,-0.118,1.441,22.01,uart_speed1.csv
1767060976.17,LEFT,13,-0.132,1.434,22.01,uart_speed1.csv
1767060976.3,LEFT,14,-0.144,1.428,22.01,uart_speed1.csv
1767060976.44,LEFT,15,-0.151,1.425,22.01,uart_speed1.csv
1767060976.58,LEFT,15,-0.155,1.423,21.68,uart_speed1.csv
1767060976.72,LEFT,15,-0.158,1.421,21.68,uart_speed1.csv
1767060976.85,LEFT,15,-0.16,1.42,21.68,uart_speed1.csv
1767060977.0,LEFT,16,-0.161,1.419,21.68,uart_speed1.csv
1767060977.13,LEFT,16,-0.161,1.419,21.68,uart_speed1.csv
1767060977.27,LEFT,16,-0.162,1.419,21.68,uart_speed1.csv
1767060977.41,LEFT,16,-0.163,1.419,21.68,uart_speed1.csv
1767060977.54,LEFT,16,-0.161,1.419,21.78,uart_speed1.csv
1767060977.68,LEFT,22,-0.226,1.387,21.78,uart_speed1.csv
1767060977.81,LEFT,29,-0.293,1.353,21.78,uart_speed1.csv
1767060977.94,LEFT,33,-0.33,1.335,21.78,uart_speed1.csv
1767060978.08,LEFT,35,-0.353,1.323,21.78,uart_speed1.csv
1767060978.22,LEFT,36,-0.365,1.317,21.78,uart_speed1.csv
1767060978.36,LEFT,37,-0.371,1.314,21.78,uart_speed1.csv
1767060978.49,LEFT,37,-0.374,1.313,21.78,uart_speed1.csv
1767060978.63,LEFT,37,-0.376,1.312,22.09,uart_speed1.csv
1767060978.77,LEFT,37,-0.377,1.312,22.09,uart_speed1.csv
1767060978.91,LEFT,37,-0.377,1.312,22.09,uart_speed1.csv
1767060979.04,LEFT,37,-0.377,1.311,22.09,uart_speed1.csv
1767060760.36,STRAIGHT,0,0.0,1.5,0.0,uart_speed1_5.csv
1767060760.48,RIGHT,17,0.176,1.588,0.0,uart_speed1_5.csv
1767060760.59,RIGHT,15,0.157,1.579,0.0,uart_speed1_5.csv
1767060760.71,RIGHT,16,0.168,1.584,0.0,uart_speed1_5.csv
1767060760.83,RIGHT,10,0.108,1.554,0.0,uart_speed1_5.csv
1767060760.95,RIGHT,9,0.09,1.545,0.0,uart_speed1_5.csv
1767060761.06,RIGHT,9,0.097,1.548,0.0,uart_speed1_5.csv
1767060761.18,STRAIGHT,0,0.0,1.5,21.58,uart_speed1_5.csv
1767060761.3,STRAIGHT,0,0.0,1.5,21.58,uart_speed1_5.csv
1767060761.42,STRAIGHT,0,0.0,1.5,21.58,uart_speed1_5.csv
1767060761.53,STRAIGHT,0,0.0,1.5,21.58,uart_speed1_5.csv
1767060761.64,STRAIGHT,0,0.0,1.5,21.58,uart_speed1_5.csv
1767060761.75,STRAIGHT,0,0.0,1.5,21.58,uart_speed1_5.csv
1767060761.88,STRAIGHT,0,0.0,1.5,21.58,uart_speed1_5.csv
1767060761.99,STRAIGHT,0,0.0,1.5,21.58,uart_speed1_5.csv
1767060762.11,STRAIGHT,0,0.0,1.5,21.58,uart_speed1_5.csv
1767060762.22,STRAIGHT,0,0.0,1.5,25.83,uart_speed1_5.csv
1767060762.34,STRAIGHT,0,0.0,1.5,25.83,uart_speed1_5.csv
1767060762.45,STRAIGHT,0,0.0,1.5,25.83,uart_speed1_5.csv
1767060762.56,STRAIGHT,0,0.0,1.5,25.83,uart_speed1_5.csv
1767060762.68,RIGHT,14,0.145,1.572,25.83,uart_speed1_5.csv
1767060762.8,RIGHT,23,0.233,1.617,25.83,uart_speed1_5.csv
1767060762.92,RIGHT,27,0.279,1.64,25.83,uart_speed1_5.csv
1767060763.05,RIGHT,37,0.371,1.685,25.83,uart_speed1_5.csv
1767060763.16,RIGHT,34,0.346,1.673,25.83,uart_speed1_5.csv
1767060763.27,RIGHT,34,0.345,1.673,25.81,uart_speed1_5.csv
1767060763.4,RIGHT,21,0.219,1.61,25.81,uart_speed1_5.csv
1767060763.51,RIGHT,15,0.153,1.576,25.81,uart_speed1_5.csv
1767060763.64,RIGHT,16,0.163,1.582,25.81,uart_speed1_5.csv
1767060763.75,RIGHT,18,0.186,1.593,25.81,uart_speed1_5.csv
1767060763.87,RIGHT,29,0.292,1.646,25.81,uart_speed1_5.csv
1767060763.99,RIGHT,45,0.454,1.727,25.81,uart_speed1_5.csv
1767060764.09,RIGHT,63,0.632,1.816,25.81,uart_speed1_5.csv
1767060764.21,RIGHT,73,0.74,1.87,25.57,uart_speed1_5.csv
1767060764.33,RIGHT,74,0.745,1.872,25.57,uart_speed1_5.csv
1767060764.45,RIGHT,82,0.825,1.912,25.57,uart_speed1_5.csv
1767060764.57,RIGHT,86,0.866,1.933,25.57,uart_speed1_5.csv
1767060764.68,RIGHT,73,0.737,1.868,25.57,uart_speed1_5.csv
1767060764.8,RIGHT,81,0.818,1.909,25.57,uart_speed1_5.csv
1767060764.92,RIGHT,83,0.838,1.919,25.57,uart_speed1_5.csv
1767060765.04,RIGHT,82,0.823,1.911,25.57,uart_speed1_5.csv
1767060765.16,RIGHT,90,0.909,1.955,25.57,uart_speed1_5.csv
1767060765.29,RIGHT,91,0.913,1.957,25.15,uart_speed1_5.csv
1767060765.4,RIGHT,95,0.956,1.978,25.15,uart_speed1_5.csv
1767060765.52,RIGHT,97,0.971,1.986,25.15,uart_speed1_5.csv
1767060765.64,RIGHT,98,0.984,1.992,25.15,uart_speed1_5.csv
1767060765.77,RIGHT,99,0.992,1.996,25.15,uart_speed1_5.csv
1767060765.88,RIGHT,99,0.996,1.998,25.15,uart_speed1_5.csv
1767060766.0,RIGHT,89,0.89,1.945,25.15,uart_speed1_5.csv
1767060766.12,RIGHT,85,0.857,1.928,25.15,uart_speed1_5.csv
1767060766.24,RIGHT,69,0.698,1.849,25.15,uart_speed1_5.csv
1767060766.36,RIGHT,55,0.559,1.78,25.08,uart_speed1_5.csv
1767060766.48,RIGHT,39,0.398,1.699,25.08,uart_speed1_5.csv
1767060766.6,RIGHT,32,0.322,1.661,25.08,uart_speed1_5.csv
1767060766.71,RIGHT,30,0.306,1.653,25.08,uart_speed1_5.csv
1767060766.83,RIGHT,30,0.304,1.652,25.08,uart_speed1_5.csv
1767060766.96,RIGHT,26,0.262,1.631,25.08,uart_speed1_5.csv
1767060767.07,RIGHT,34,0.341,1.67,25.08,uart_speed1_5.csv
1767060767.18,RIGHT,43,0.433,1.717,25.08,uart_speed1_5.csv
1767060767.3,RIGHT,54,0.542,1.771,25.65,uart_speed1_5.csv
1767060767.42,RIGHT,75,0.75,1.875,25.65,uart_speed1_5.csv
1767060767.53,RIGHT,76,0.77,1.885,25.65,uart_speed1_5.csv
1767060767.65,RIGHT,62,0.625,1.812,25.65,uart_speed1_5.csv
1767060767.79,RIGHT,65,0.655,1.827,25.65,uart_speed1_5.csv
1767060767.9,RIGHT,58,0.588,1.794,25.65,uart_speed1_5.csv
1767060768.02,RIGHT,57,0.574,1.787,25.65,uart_speed1_5.csv
1767060768.13,RIGHT,73,0.737,1.869,25.65,uart_speed1_5.csv
1767060768.25,RIGHT,83,0.831,1.916,25.65,uart_speed1_5.csv
1767060768.37,RIGHT,81,0.818,1.909,25.05,uart_speed1_5.csv
1767060768.48,RIGHT,77,0.772,1.886,25.05,uart_speed1_5.csv
1767060768.59,RIGHT,75,0.75,1.875,25.05,uart_speed1_5.csv
1767060768.72,RIGHT,74,0.746,1.873,25.05,uart_speed1_5.csv
1767060768.83,RIGHT,68,0.687,1.843,25.05,uart_speed1_5.csv
1767060768.95,RIGHT,57,0.579,1.789,25.05,uart_speed1_5.csv
1767060769.07,RIGHT,61,0.616,1.808,25.05,uart_speed1_5.csv
1767060769.18,RIGHT,60,0.608,1.804,25.05,uart_speed1_5.csv
1767060769.3,RIGHT,54,0.545,1.772,25.05,uart_speed1_5.csv
1767060769.41,RIGHT,37,0.378,1.689,25.88,uart_speed1_5.csv
1767060769.53,RIGHT,13,0.134,1.567,25.88,uart_speed1_5.csv
1767060769.65,STRAIGHT,0,0.0,1.5,25.88,uart_speed1_5.csv
1767060769.77,LEFT,13,-0.139,1.43,25.88,uart_speed1_5.csv
1767060769.88,LEFT,39,-0.4,1.3,25.88,uart_speed1_5.csv
1767060769.99,LEFT,35,-0.357,1.321,25.88,uart_speed1_5.csv
1767060770.11,LEFT,39,-0.392,1.304,25.88,uart_speed1_5.csv
1767060770.23,LEFT,48,-0.481,1.26,25.88,uart_speed1_5.csv
1767060770.35,LEFT,34,-0.349,1.326,25.65,uart_speed1_5.csv
1767060770.47,LEFT,42,-0.424,1.288,25.65,uart_speed1_5.csv
1767060770.58,LEFT,62,-0.626,1.187,25.65,uart_speed1_5.csv
1767060770.7,LEFT,58,-0.584,1.208,25.65,uart_speed1_5.csv
1767060770.82,LEFT,27,-0.28,1.36,25.65,uart_speed1_5.csv
1767060770.94,LEFT,19,-0.191,1.404,25.65,uart_speed1_5.csv
1767060771.05,LEFT,16,-0.163,1.419,25.65,uart_speed1_5.csv
1767060771.17,LEFT,17,-0.174,1.413,25.65,uart_speed1_5.csv
1767060771.29,LEFT,22,-0.228,1.386,25.65,uart_speed1_5.csv
1767060771.41,LEFT,33,-0.332,1.334,25.6,uart_speed1_5.csv
1767060771.53,LEFT,57,-0.573,1.214,25.6,uart_speed1_5.csv
1767060771.64,LEFT,78,-0.781,1.109,25.6,uart_speed1_5.csv
1767060771.76,LEFT,88,-0.888,1.056,25.6,uart_speed1_5.csv
1767060771.86,LEFT,91,-0.915,1.043,25.6,uart_speed1_5.csv
1767060771.98,LEFT,94,-0.945,1.028,25.6,uart_speed1_5.csv
1767060772.09,LEFT,88,-0.89,1.055,25.6,uart_speed1_5.csv
1767060772.2,LEFT,87,-0.872,1.064,25.6,uart_speed1_5.csv
1767060772.32,LEFT,76,-0.77,1.115,25.6,uart_speed1_5.csv
1767060772.44,LEFT,74,-0.743,1.128,26.22,uart_speed1_5.csv
1767060772.56,LEFT,82,-0.822,1.089,26.22,uart_speed1_5.csv
1767060772.68,LEFT,81,-0.812,1.094,26.22,uart_speed1_5.csv
1767060772.8,LEFT,64,-0.647,1.177,26.22,uart_speed1_5.csv
1767060772.91,LEFT,57,-0.571,1.214,26.22,uart_speed1_5.csv
1767060773.03,LEFT,40,-0.401,1.299,26.22,uart_speed1_5.csv
1767060773.14,LEFT,8,-0.089,1.455,26.22,uart_speed1_5.csv
1767060773.26,RIGHT,36,0.367,1.684,26.22,uart_speed1_5.csv
1767060773.37,RIGHT,66,0.667,1.834,26.22,uart_speed1_5.csv
1767060773.48,RIGHT,82,0.83,1.915,25.7,uart_speed1_5.csv
1767060773.6,RIGHT,91,0.913,1.956,25.7,uart_speed1_5.csv
1767060773.71,RIGHT,95,0.952,1.976,25.7,uart_speed1_5.csv
1767060773.82,RIGHT,96,0.964,1.982,25.7,uart_speed1_5.csv
1767060773.94,RIGHT,98,0.982,1.991,25.7,uart_speed1_5.csv
1767060774.05,RIGHT,99,0.991,1.995,25.7,uart_speed1_5.csv
1767060774.17,RIGHT,99,0.995,1.998,25.7,uart_speed1_5.csv
1767060774.28,RIGHT,98,0.982,1.991,25.7,uart_speed1_5.csv
1767060774.4,RIGHT,92,0.922,1.961,25.7,uart_speed1_5.csv
1767060774.53,RIGHT,84,0.843,1.922,26.21,uart_speed1_5.csv
1767060774.64,RIGHT,73,0.737,1.869,26.21,uart_speed1_5.csv
1767060774.76,RIGHT,66,0.67,1.835,26.21,uart_speed1_5.csv
1767060774.88,RIGHT,61,0.612,1.806,26.21,uart_speed1_5.csv
1767060775.01,RIGHT,50,0.504,1.752,26.21,uart_speed1_5.csv
1767060775.12,RIGHT,40,0.402,1.701,26.21,uart_speed1_5.csv
1767060775.24,RIGHT,36,0.364,1.682,26.21,uart_speed1_5.csv
1767060775.36,RIGHT,33,0.339,1.669,26.21,uart_speed1_5.csv
1767060775.48,RIGHT,28,0.283,1.642,24.91,uart_speed1_5.csv
1767060775.59,RIGHT,26,0.263,1.632,24.91,uart_speed1_5.csv
1767060775.7,RIGHT,25,0.256,1.628,24.91,uart_speed1_5.csv
1767060775.82,RIGHT,24,0.245,1.622,24.91,uart_speed1_5.csv
1767060775.94,RIGHT,23,0.234,1.617,24.91,uart_speed1_5.csv
1767060776.05,RIGHT,26,0.264,1.632,24.91,uart_speed1_5.csv
1767060776.23,RIGHT,25,0.254,1.627,24.91,uart_speed1_5.csv
1767060776.36,RIGHT,30,0.308,1.654,24.91,uart_speed1_5.csv
1767060776.48,RIGHT,27,0.278,1.639,23.04,uart_speed1_5.csv
1767060776.62,RIGHT,26,0.264,1.632,23.04,uart_speed1_5.csv
1767060776.75,RIGHT,27,0.273,1.636,23.04,uart_speed1_5.csv
1767060776.89,RIGHT,40,0.403,1.702,23.04,uart_speed1_5.csv
1767060777.02,RIGHT,39,0.397,1.699,23.04,uart_speed1_5.csv
1767060777.15,RIGHT,42,0.421,1.711,23.04,uart_speed1_5.csv
1767060777.28,RIGHT,56,0.563,1.782,23.04,uart_speed1_5.csv
1767060777.4,RIGHT,56,0.567,1.784,23.04,uart_speed1_5.csv
1767060777.51,RIGHT,73,0.737,1.868,23.32,uart_speed1_5.csv
1767060777.64,RIGHT,85,0.851,1.926,23.32,uart_speed1_5.csv
1767060777.76,RIGHT,87,0.871,1.936,23.32,uart_speed1_5.csv
1767060777.88,RIGHT,91,0.919,1.959,23.32,uart_speed1_5.csv
1767060778.0,RIGHT,86,0.861,1.93,23.32,uart_speed1_5.csv
1767060778.11,RIGHT,88,0.882,1.941,23.32,uart_speed1_5.csv
1767060778.22,RIGHT,86,0.868,1.934,23.32,uart_speed1_5.csv
1767060778.33,RIGHT,69,0.69,1.845,23.32,uart_speed1_5.csv
1767060778.44,RIGHT,53,0.537,1.768,23.32,uart_speed1_5.csv
1767060778.56,RIGHT,39,0.397,1.698,25.64,uart_speed1_5.csv
1767060778.67,RIGHT,27,0.272,1.636,25.64,uart_speed1_5.csv
1767060778.78,RIGHT,20,0.2,1.6,25.64,uart_speed1_5.csv
1767060778.9,RIGHT,23,0.233,1.616,25.64,uart_speed1_5.csv
1767060779.02,RIGHT,17,0.178,1.589,25.64,uart_speed1_5.csv
1767060779.13,RIGHT,10,0.106,1.553,25.64,uart_speed1_5.csv
1767060779.24,STRAIGHT,0,0.0,1.5,25.64,uart_speed1_5.csv
1767060779.36,STRAIGHT,0,0.0,1.5,25.64,uart_speed1_5.csv
1767060779.47,STRAIGHT,0,0.0,1.5,25.64,uart_speed1_5.csv
1767060779.58,STRAIGHT,0,0.0,1.5,26.46,uart_speed1_5.csv
1767060779.7,STRAIGHT,0,0.0,1.5,26.46,uart_speed1_5.csv
1767060779.82,STRAIGHT,0,0.0,1.5,26.46,uart_speed1_5.csv
1767060779.93,STRAIGHT,0,0.0,1.5,26.46,uart_speed1_5.csv
1767060780.06,RIGHT,9,0.094,1.547,26.46,uart_speed1_5.csv
1767060780.18,RIGHT,13,0.133,1.567,26.46,uart_speed1_5.csv
1767060780.3,RIGHT,23,0.24,1.62,26.46,uart_speed1_5.csv
1767060780.42,RIGHT,19,0.196,1.598,26.46,uart_speed1_5.csv
1767060780.54,RIGHT,12,0.123,1.562,26.46,uart_speed1_5.csv
1767060780.65,RIGHT,17,0.178,1.589,25.22,uart_speed1_5.csv
1767060780.78,RIGHT,15,0.158,1.579,25.22,uart_speed1_5.csv
1767060780.9,RIGHT,20,0.207,1.604,25.22,uart_speed1_5.csv
1767060781.02,RIGHT,23,0.233,1.616,25.22,uart_speed1_5.csv
1767060781.14,RIGHT,15,0.16,1.58,25.22,uart_speed1_5.csv
1767060781.25,RIGHT,18,0.189,1.595,25.22,uart_speed1_5.csv
1767060781.38,RIGHT,25,0.253,1.627,25.22,uart_speed1_5.csv
1767060781.5,RIGHT,24,0.248,1.624,25.22,uart_speed1_5.csv
1767060781.63,RIGHT,30,0.304,1.652,24.98,uart_speed1_5.csv
1767060781.74,RIGHT,34,0.345,1.673,24.98,uart_speed1_5.csv
1767060781.86,RIGHT,34,0.344,1.672,24.98,uart_speed1_5.csv
1767060781.99,RIGHT,41,0.417,1.708,24.98,uart_speed1_5.csv
1767060782.1,RIGHT,41,0.42,1.71,24.98,uart_speed1_5.csv
1767060782.21,RIGHT,39,0.391,1.696,24.98,uart_speed1_5.csv
1767060782.33,RIGHT,43,0.437,1.719,24.98,uart_speed1_5.csv
1767060782.45,RIGHT,45,0.454,1.727,24.98,uart_speed1_5.csv
1767060782.56,RIGHT,53,0.54,1.77,24.98,uart_speed1_5.csv
1767060782.69,RIGHT,66,0.668,1.834,25.33,uart_speed1_5.csv
1767060782.8,RIGHT,79,0.799,1.9,25.33,uart_speed1_5.csv
1767060782.92,RIGHT,88,0.885,1.942,25.33,uart_speed1_5.csv
1767060783.04,RIGHT,88,0.884,1.942,25.33,uart_speed1_5.csv
1767060783.16,RIGHT,93,0.934,1.967,25.33,uart_speed1_5.csv
1767060783.28,RIGHT,89,0.897,1.949,25.33,uart_speed1_5.csv
1767060783.39,RIGHT,82,0.828,1.914,25.33,uart_speed1_5.csv
1767060783.51,RIGHT,87,0.872,1.936,25.33,uart_speed1_5.csv
1767060783.62,RIGHT,86,0.862,1.931,25.52,uart_speed1_5.csv
1767060783.73,RIGHT,86,0.864,1.932,25.52,uart_speed1_5.csv
1767060783.85,RIGHT,85,0.851,1.926,25.52,uart_speed1_5.csv
1767060783.96,RIGHT,77,0.771,1.885,25.52,uart_speed1_5.csv
1767060784.08,RIGHT,71,0.715,1.857,25.52,uart_speed1_5.csv
1767060784.2,RIGHT,62,0.627,1.814,25.52,uart_speed1_5.csv
1767060784.31,RIGHT,58,0.58,1.79,25.52,uart_speed1_5.csv
1767060784.42,RIGHT,50,0.508,1.754,25.52,uart_speed1_5.csv
1767060784.54,RIGHT,51,0.517,1.759,25.52,uart_speed1_5.csv
1767060784.65,RIGHT,47,0.479,1.74,26.19,uart_speed1_5.csv
1767060784.78,RIGHT,40,0.406,1.703,26.19,uart_speed1_5.csv
1767060784.89,RIGHT,36,0.366,1.683,26.19,uart_speed1_5.csv
1767060785.01,RIGHT,29,0.294,1.647,26.19,uart_speed1_5.csv
1767060785.13,RIGHT,27,0.271,1.635,26.19,uart_speed1_5.csv
1767060785.24,RIGHT,23,0.237,1.619,26.19,uart_speed1_5.csv
1767060785.36,RIGHT,19,0.194,1.597,26.19,uart_speed1_5.csv
1767060785.47,RIGHT,14,0.14,1.57,26.19,uart_speed1_5.csv
1767060785.59,RIGHT,13,0.138,1.569,26.19,uart_speed1_5.csv
1767060785.7,RIGHT,11,0.111,1.556,25.8,uart_speed1_5.csv
1767060785.81,STRAIGHT,0,0.0,1.5,25.8,uart_speed1_5.csv
1767060785.93,STRAIGHT,0,0.0,1.5,25.8,uart_speed1_5.csv
1767060786.04,STRAIGHT,0,0.0,1.5,25.8,uart_speed1_5.csv
1767060786.15,STRAIGHT,0,0.0,1.5,25.8,uart_speed1_5.csv
1767060786.26,STRAIGHT,0,0.0,1.5,25.8,uart_speed1_5.csv
1767060786.38,STRAIGHT,0,0.0,1.5,25.8,uart_speed1_5.csv
1767060786.49,STRAIGHT,0,0.0,1.5,25.8,uart_speed1_5.csv
1767060786.61,RIGHT,9,0.091,1.546,25.8,uart_speed1_5.csv
1767060786.72,RIGHT,14,0.148,1.574,26.52,uart_speed1_5.csv
1767060786.82,RIGHT,22,0.226,1.613,26.52,uart_speed1_5.csv
1767060786.95,RIGHT,27,0.28,1.64,26.52,uart_speed1_5.csv
1767060787.07,RIGHT,26,0.266,1.633,26.52,uart_speed1_5.csv
1767060787.19,RIGHT,23,0.24,1.62,26.52,uart_speed1_5.csv
1767060787.31,RIGHT,20,0.201,1.601,26.52,uart_speed1_5.csv
1767060787.43,RIGHT,31,0.315,1.657,26.52,uart_speed1_5.csv
1767060787.54,RIGHT,26,0.262,1.631,26.52,uart_speed1_5.csv
1767060787.66,RIGHT,17,0.173,1.586,26.52,uart_speed1_5.csv
1767060787.77,RIGHT,19,0.192,1.596,25.6,uart_speed1_5.csv
1767060787.89,RIGHT,28,0.288,1.644,25.6,uart_speed1_5.csv
1767060788.0,RIGHT,35,0.355,1.678,25.6,uart_speed1_5.csv
1767060788.12,RIGHT,44,0.441,1.721,25.6,uart_speed1_5.csv
1767060788.24,RIGHT,57,0.579,1.789,25.6,uart_speed1_5.csv
1767060788.35,RIGHT,73,0.74,1.87,25.6,uart_speed1_5.csv
1767060788.47,RIGHT,72,0.725,1.863,25.6,uart_speed1_5.csv
1767060788.59,RIGHT,60,0.606,1.803,25.6,uart_speed1_5.csv
1767060788.71,RIGHT,48,0.486,1.743,25.75,uart_speed1_5.csv
1767060788.82,RIGHT,31,0.311,1.655,25.75,uart_speed1_5.csv
1767060788.93,RIGHT,21,0.215,1.608,25.75,uart_speed1_5.csv
1767060789.03,RIGHT,8,0.083,1.541,25.75,uart_speed1_5.csv
1767060789.15,STRAIGHT,0,0.0,1.5,25.75,uart_speed1_5.csv
1767060789.26,LEFT,16,-0.162,1.419,25.75,uart_speed1_5.csv
1767060789.37,LEFT,25,-0.253,1.374,25.75,uart_speed1_5.csv
1767060789.49,LEFT,29,-0.297,1.352,25.75,uart_speed1_5.csv
1767060789.6,LEFT,31,-0.316,1.342,25.75,uart_speed1_5.csv
1767060789.72,LEFT,32,-0.328,1.336,26.72,uart_speed1_5.csv
1767060789.83,LEFT,33,-0.332,1.334,26.72,uart_speed1_5.csv
1767060789.95,LEFT,33,-0.336,1.332,26.72,uart_speed1_5.csv
1767060790.07,LEFT,33,-0.337,1.331,26.72,uart_speed1_5.csv
1767060790.18,LEFT,34,-0.341,1.33,26.72,uart_speed1_5.csv
1767060790.3,LEFT,34,-0.344,1.328,26.72,uart_speed1_5.csv
1767060790.42,LEFT,34,-0.345,1.328,26.72,uart_speed1_5.csv
1767060790.53,LEFT,34,-0.345,1.328,26.72,uart_speed1_5.csv
1767060790.65,LEFT,34,-0.35,1.325,26.72,uart_speed1_5.csv
1767060790.75,LEFT,35,-0.355,1.322,25.93,uart_speed1_5.csv
1767060790.87,LEFT,35,-0.354,1.323,25.93,uart_speed1_5.csv
1767060791.0,LEFT,35,-0.359,1.321,25.93,uart_speed1_5.csv
1767060791.11,LEFT,33,-0.339,1.33,25.93,uart_speed1_5.csv
1767060791.24,LEFT,30,-0.309,1.346,25.93,uart_speed1_5.csv
1767060791.35,LEFT,25,-0.251,1.375,25.93,uart_speed1_5.csv
1767060791.47,LEFT,21,-0.21,1.395,25.93,uart_speed1_5.csv
1767060791.6,LEFT,18,-0.188,1.406,25.93,uart_speed1_5.csv
1767060791.71,LEFT,22,-0.225,1.387,25.93,uart_speed1_5.csv
1767060791.81,LEFT,27,-0.27,1.365,25.39,uart_speed1_5.csv
1767060791.94,LEFT,29,-0.294,1.353,25.39,uart_speed1_5.csv
1767060792.05,LEFT,30,-0.302,1.349,25.39,uart_speed1_5.csv
1767060792.17,LEFT,31,-0.32,1.34,25.39,uart_speed1_5.csv
1767060792.29,LEFT,34,-0.34,1.33,25.39,uart_speed1_5.csv
1767060792.42,LEFT,35,-0.359,1.32,25.39,uart_speed1_5.csv
1767060792.54,LEFT,37,-0.372,1.314,25.39,uart_speed1_5.csv
1767060792.65,LEFT,38,-0.38,1.31,25.39,uart_speed1_5.csv
1767060792.75,LEFT,39,-0.399,1.301,25.68,uart_speed1_5.csv
1767060792.88,LEFT,43,-0.432,1.284,25.68,uart_speed1_5.csv
1767060792.99,LEFT,45,-0.458,1.271,25.68,uart_speed1_5.csv
1767060793.1,LEFT,46,-0.468,1.266,25.68,uart_speed1_5.csv
1767060793.23,LEFT,47,-0.474,1.263,25.68,uart_speed1_5.csv
1767060793.34,LEFT,46,-0.466,1.267,25.68,uart_speed1_5.csv
1767060793.46,LEFT,45,-0.453,1.274,25.68,uart_speed1_5.csv
1767060793.58,LEFT,43,-0.44,1.28,25.68,uart_speed1_5.csv
1767060793.7,LEFT,43,-0.438,1.281,25.68,uart_speed1_5.csv
1767060793.83,LEFT,43,-0.439,1.281,25.26,uart_speed1_5.csv
1767060793.94,LEFT,44,-0.446,1.277,25.26,uart_speed1_5.csv
1767060794.06,LEFT,44,-0.444,1.278,25.26,uart_speed1_5.csv
1767060794.17,LEFT,44,-0.443,1.278,25.26,uart_speed1_5.csv
1767060794.28,LEFT,44,-0.442,1.279,25.26,uart_speed1_5.csv
1767060794.4,LEFT,43,-0.44,1.28,25.26,uart_speed1_5.csv
1767060794.5,LEFT,43,-0.44,1.28,25.26,uart_speed1_5.csv
1767060794.63,LEFT,44,-0.441,1.28,25.26,uart_speed1_5.csv
1767060794.75,LEFT,44,-0.443,1.278,25.26,uart_speed1_5.csv
1767060794.87,LEFT,44,-0.449,1.276,25.66,uart_speed1_5.csv
1767060794.98,LEFT,45,-0.454,1.273,25.66,uart_speed1_5.csv
1767060795.1,LEFT,45,-0.459,1.27,25.66,uart_speed1_5.csv
1767060795.22,LEFT,46,-0.465,1.268,25.66,uart_speed1_5.csv
1767060795.34,LEFT,46,-0.469,1.266,25.66,uart_speed1_5.csv
1767060795.46,LEFT,46,-0.465,1.267,25.66,uart_speed1_5.csv
1767060795.58,LEFT,45,-0.455,1.272,25.66,uart_speed1_5.csv
1767060795.78,LEFT,45,-0.455,1.273,25.66,uart_speed1_5.csv
1767060795.91,LEFT,45,-0.458,1.271,22.48,uart_speed1_5.csv
1767060796.04,LEFT,45,-0.459,1.27,22.48,uart_speed1_5.csv
1767060796.17,LEFT,46,-0.469,1.266,22.48,uart_speed1_5.csv
1767060796.3,LEFT,48,-0.487,1.257,22.48,uart_speed1_5.csv
1767060796.44,LEFT,52,-0.52,1.24,22.48,uart_speed1_5.csv
1767060796.57,LEFT,56,-0.562,1.219,22.48,uart_speed1_5.csv
1767060796.7,LEFT,48,-0.483,1.259,22.48,uart_speed1_5.csv
1767060796.84,LEFT,36,-0.367,1.316,22.51,uart_speed1_5.csv
1767060796.98,LEFT,25,-0.254,1.373,22.51,uart_speed1_5.csv
1767060797.11,LEFT,15,-0.159,1.42,22.51,uart_speed1_5.csv
1767060797.24,STRAIGHT,0,0.0,1.5,22.51,uart_speed1_5.csv
1767060797.37,STRAIGHT,0,0.0,1.5,22.51,uart_speed1_5.csv
1767060797.48,STRAIGHT,0,0.0,1.5,22.51,uart_speed1_5.csv
1767060797.61,STRAIGHT,0,0.0,1.5,22.51,uart_speed1_5.csv
1767060797.72,STRAIGHT,0,0.0,1.5,22.51,uart_speed1_5.csv
1767060797.85,RIGHT,8,0.084,1.542,23.8,uart_speed1_5.csv
1767060797.97,RIGHT,8,0.081,1.54,23.8,uart_speed1_5.csv
1767060798.08,STRAIGHT,0,0.0,1.5,23.8,uart_speed1_5.csv
1767060798.2,STRAIGHT,0,0.0,1.5,23.8,uart_speed1_5.csv
1767060798.32,STRAIGHT,0,0.0,1.5,23.8,uart_speed1_5.csv
1767060798.42,STRAIGHT,0,0.0,1.5,23.8,uart_speed1_5.csv
1767060798.54,STRAIGHT,0,0.0,1.5,23.8,uart_speed1_5.csv
1767060798.65,RIGHT,8,0.08,1.54,23.8,uart_speed1_5.csv
1767060798.77,RIGHT,8,0.08,1.54,23.8,uart_speed1_5.csv
1767060798.89,STRAIGHT,0,0.0,1.5,25.92,uart_speed1_5.csv
1767060799.01,STRAIGHT,0,0.0,1.5,25.92,uart_speed1_5.csv
1767060799.13,STRAIGHT,0,0.0,1.5,25.92,uart_speed1_5.csv
1767060799.24,STRAIGHT,0,0.0,1.5,25.92,uart_speed1_5.csv
1767060799.35,STRAIGHT,0,0.0,1.5,25.92,uart_speed1_5.csv
1767060799.47,STRAIGHT,0,0.0,1.5,25.92,uart_speed1_5.csv
1767060799.58,STRAIGHT,0,0.0,1.5,25.92,uart_speed1_5.csv
1767060799.7,STRAIGHT,0,0.0,1.5,25.92,uart_speed1_5.csv
1767060799.82,STRAIGHT,0,0.0,1.5,25.92,uart_speed1_5.csv
1767060799.94,RIGHT,8,0.083,1.541,25.76,uart_speed1_5.csv
1767060800.06,STRAIGHT,0,0.0,1.5,25.76,uart_speed1_5.csv
1767060800.18,STRAIGHT,0,0.0,1.5,25.76,uart_speed1_5.csv
1767060800.29,STRAIGHT,0,0.0,1.5,25.76,uart_speed1_5.csv
1767060800.4,RIGHT,8,0.085,1.543,25.76,uart_speed1_5.csv
1767060800.52,RIGHT,8,0.089,1.545,25.76,uart_speed1_5.csv
1767060800.63,RIGHT,10,0.104,1.552,25.76,uart_speed1_5.csv
1767060800.74,RIGHT,9,0.099,1.549,25.76,uart_speed1_5.csv
1767060800.86,RIGHT,9,0.096,1.548,25.76,uart_speed1_5.csv
1767060800.97,RIGHT,9,0.094,1.547,26.16,uart_speed1_5.csv
1767060801.09,RIGHT,9,0.091,1.546,26.16,uart_speed1_5.csv
1767060801.2,RIGHT,9,0.094,1.547,26.16,uart_speed1_5.csv
1767060801.32,RIGHT,10,0.102,1.551,26.16,uart_speed1_5.csv
1767060801.44,RIGHT,10,0.109,1.554,26.16,uart_speed1_5.csv
1767060801.57,RIGHT,12,0.129,1.565,26.16,uart_speed1_5.csv
1767060801.68,RIGHT,15,0.153,1.577,26.16,uart_speed1_5.csv
1767060801.8,RIGHT,18,0.185,1.592,26.16,uart_speed1_5.csv
1767060801.92,RIGHT,16,0.163,1.581,26.16,uart_speed1_5.csv
1767060802.02,RIGHT,10,0.108,1.554,25.51,uart_speed1_5.csv
1767060802.14,STRAIGHT,0,0.0,1.5,25.51,uart_speed1_5.csv
1767060802.26,RIGHT,12,0.125,1.563,25.51,uart_speed1_5.csv
1767060802.37,RIGHT,19,0.194,1.597,25.51,uart_speed1_5.csv
1767060802.5,RIGHT,18,0.187,1.594,25.51,uart_speed1_5.csv
1767060802.61,RIGHT,14,0.14,1.57,25.51,uart_speed1_5.csv
1767060802.72,RIGHT,9,0.092,1.546,25.51,uart_speed1_5.csv
1767060802.84,RIGHT,8,0.086,1.543,25.51,uart_speed1_5.csv
1767060802.96,RIGHT,11,0.116,1.558,25.94,uart_speed1_5.csv
1767060803.07,RIGHT,13,0.137,1.568,25.94,uart_speed1_5.csv
1767060803.2,RIGHT,14,0.143,1.571,25.94,uart_speed1_5.csv
1767060803.3,RIGHT,14,0.149,1.575,25.94,uart_speed1_5.csv
1767060803.42,RIGHT,14,0.145,1.572,25.94,uart_speed1_5.csv
1767060803.55,RIGHT,12,0.121,1.561,25.94,uart_speed1_5.csv
1767060803.66,STRAIGHT,0,0.0,1.5,25.94,uart_speed1_5.csv
1767060803.8,STRAIGHT,0,0.0,1.5,25.94,uart_speed1_5.csv
1767060803.91,STRAIGHT,0,0.0,1.5,25.94,uart_speed1_5.csv
1767060804.03,STRAIGHT,0,0.0,1.5,25.09,uart_speed1_5.csv
1767060804.15,STRAIGHT,0,0.0,1.5,25.09,uart_speed1_5.csv
1767060804.26,STRAIGHT,0,0.0,1.5,25.09,uart_speed1_5.csv
1767060804.38,STRAIGHT,0,0.0,1.5,25.09,uart_speed1_5.csv
1767060804.5,STRAIGHT,0,0.0,1.5,25.09,uart_speed1_5.csv
1767060804.62,STRAIGHT,0,0.0,1.5,25.09,uart_speed1_5.csv
1767060804.74,STRAIGHT,0,0.0,1.5,25.09,uart_speed1_5.csv
1767060804.85,STRAIGHT,0,0.0,1.5,25.09,uart_speed1_5.csv
1767060804.97,STRAIGHT,0,0.0,1.5,25.09,uart_speed1_5.csv
1767060805.09,STRAIGHT,0,0.0,1.5,25.52,uart_speed1_5.csv
1767060805.2,STRAIGHT,0,0.0,1.5,25.52,uart_speed1_5.csv
1767060805.32,STRAIGHT,0,0.0,1.5,25.52,uart_speed1_5.csv
1767060805.44,STRAIGHT,0,0.0,1.5,25.52,uart_speed1_5.csv
1767060805.55,STRAIGHT,0,0.0,1.5,25.52,uart_speed1_5.csv
1767060805.66,STRAIGHT,0,0.0,1.5,25.52,uart_speed1_5.csv
1767060805.78,STRAIGHT,0,0.0,1.5,25.52,uart_speed1_5.csv
1767060805.89,STRAIGHT,0,0.0,1.5,25.52,uart_speed1_5.csv
1767060806.02,STRAIGHT,0,0.0,1.5,25.83,uart_speed1_5.csv
1767060806.13,STRAIGHT,0,0.0,1.5,25.83,uart_speed1_5.csv
1767060806.24,STRAIGHT,0,0.0,1.5,25.83,uart_speed1_5.csv
1767060806.37,STRAIGHT,0,0.0,1.5,25.83,uart_speed1_5.csv
1767060806.48,STRAIGHT,0,0.0,1.5,25.83,uart_speed1_5.csv
1767060806.59,STRAIGHT,0,0.0,1.5,25.83,uart_speed1_5.csv
1767060806.71,STRAIGHT,0,0.0,1.5,25.83,uart_speed1_5.csv
1767060806.82,STRAIGHT,0,0.0,1.5,25.83,uart_speed1_5.csv
1767060806.93,STRAIGHT,0,0.0,1.5,25.83,uart_speed1_5.csv
1767060807.05,STRAIGHT,0,0.0,1.5,26.19,uart_speed1_5.csv
1767060807.16,STRAIGHT,0,0.0,1.5,26.19,uart_speed1_5.csv
1767060807.29,STRAIGHT,0,0.0,1.5,26.19,uart_speed1_5.csv
1767060807.4,STRAIGHT,0,0.0,1.5,26.19,uart_speed1_5.csv
1767060807.51,STRAIGHT,0,0.0,1.5,26.19,uart_speed1_5.csv
1767060807.62,STRAIGHT,0,0.0,1.5,26.19,uart_speed1_5.csv
1767060807.74,LEFT,14,-0.14,1.43,26.19,uart_speed1_5.csv
1767060807.86,LEFT,14,-0.142,1.429,26.19,uart_speed1_5.csv
1767060807.97,LEFT,8,-0.088,1.456,26.19,uart_speed1_5.csv
1767060808.1,STRAIGHT,0,0.0,1.5,25.94,uart_speed1_5.csv
1767060808.21,STRAIGHT,0,0.0,1.5,25.94,uart_speed1_5.csv
1767060808.32,STRAIGHT,0,0.0,1.5,25.94,uart_speed1_5.csv
1767060808.44,RIGHT,9,0.1,1.55,25.94,uart_speed1_5.csv
1767060808.55,RIGHT,11,0.112,1.556,25.94,uart_speed1_5.csv
1767060808.67,RIGHT,10,0.105,1.553,25.94,uart_speed1_5.csv
1767060808.79,RIGHT,8,0.085,1.542,25.94,uart_speed1_5.csv
1767060808.9,STRAIGHT,0,0.0,1.5,25.94,uart_speed1_5.csv
1767060809.02,STRAIGHT,0,0.0,1.5,25.94,uart_speed1_5.csv
1767060809.13,STRAIGHT,0,0.0,1.5,25.75,uart_speed1_5.csv
1767060809.25,STRAIGHT,0,0.0,1.5,25.75,uart_speed1_5.csv
1767060809.37,STRAIGHT,0,0.0,1.5,25.75,uart_speed1_5.csv
1767060809.48,STRAIGHT,0,0.0,1.5,25.75,uart_speed1_5.csv
1767060809.59,STRAIGHT,0,0.0,1.5,25.75,uart_speed1_5.csv
1767060809.72,STRAIGHT,0,0.0,1.5,25.75,uart_speed1_5.csv
1767060809.83,STRAIGHT,0,0.0,1.5,25.75,uart_speed1_5.csv
1767060809.94,STRAIGHT,0,0.0,1.5,25.75,uart_speed1_5.csv
1767060810.06,STRAIGHT,0,0.0,1.5,25.75,uart_speed1_5.csv
1767060810.17,STRAIGHT,0,0.0,1.5,26.0,uart_speed1_5.csv
1767060810.28,STRAIGHT,0,0.0,1.5,26.0,uart_speed1_5.csv
1767060810.4,STRAIGHT,0,0.0,1.5,26.0,uart_speed1_5.csv
1767060810.52,STRAIGHT,0,0.0,1.5,26.0,uart_speed1_5.csv
1767060810.64,STRAIGHT,0,0.0,1.5,26.0,uart_speed1_5.csv
1767060810.76,STRAIGHT,0,0.0,1.5,26.0,uart_speed1_5.csv
1767060810.87,STRAIGHT,0,0.0,1.5,26.0,uart_speed1_5.csv
1767060811.0,STRAIGHT,0,0.0,1.5,26.0,uart_speed1_5.csv
1767060811.11,STRAIGHT,0,0.0,1.5,25.75,uart_speed1_5.csv
1767060811.22,STRAIGHT,0,0.0,1.5,25.75,uart_speed1_5.csv
1767060811.34,STRAIGHT,0,0.0,1.5,25.75,uart_speed1_5.csv
1767060811.45,STRAIGHT,0,0.0,1.5,25.75,uart_speed1_5.csv
1767060811.57,STRAIGHT,0,0.0,1.5,25.75,uart_speed1_5.csv
1767060811.69,STRAIGHT,0,0.0,1.5,25.75,uart_speed1_5.csv
1767060811.81,STRAIGHT,0,0.0,1.5,25.75,uart_speed1_5.csv
1767060811.93,STRAIGHT,0,0.0,1.5,25.75,uart_speed1_5.csv
1767060812.04,STRAIGHT,0,0.0,1.5,25.75,uart_speed1_5.csv
1767060812.16,STRAIGHT,0,0.0,1.5,25.81,uart_speed1_5.csv
1767060812.27,STRAIGHT,0,0.0,1.5,25.81,uart_speed1_5.csv
1767060812.39,STRAIGHT,0,0.0,1.5,25.81,uart_speed1_5.csv
1767060812.5,RIGHT,8,0.087,1.543,25.81,uart_speed1_5.csv
1767060812.61,RIGHT,9,0.092,1.546,25.81,uart_speed1_5.csv
1767060812.74,RIGHT,9,0.099,1.55,25.81,uart_speed1_5.csv
1767060812.85,RIGHT,11,0.114,1.557,25.81,uart_speed1_5.csv
1767060812.97,RIGHT,12,0.124,1.562,25.81,uart_speed1_5.csv
1767060813.09,RIGHT,14,0.15,1.575,25.81,uart_speed1_5.csv
1767060813.21,RIGHT,16,0.162,1.581,25.62,uart_speed1_5.csv
1767060813.33,RIGHT,15,0.151,1.575,25.62,uart_speed1_5.csv
1767060813.45,RIGHT,11,0.119,1.559,25.62,uart_speed1_5.csv
1767060813.56,RIGHT,8,0.09,1.545,25.62,uart_speed1_5.csv
1767060813.67,STRAIGHT,0,0.0,1.5,25.62,uart_speed1_5.csv
1767060813.8,STRAIGHT,0,0.0,1.5,25.62,uart_speed1_5.csv
1767060813.91,RIGHT,8,0.082,1.541,25.62,uart_speed1_5.csv
1767060814.03,RIGHT,10,0.101,1.551,25.62,uart_speed1_5.csv
1767060814.14,RIGHT,8,0.081,1.541,25.71,uart_speed1_5.csv
1767060814.26,STRAIGHT,0,0.0,1.5,25.71,uart_speed1_5.csv
1767060814.38,STRAIGHT,0,0.0,1.5,25.71,uart_speed1_5.csv
1767060814.49,STRAIGHT,0,0.0,1.5,25.71,uart_speed1_5.csv
1767060814.62,STRAIGHT,0,0.0,1.5,25.71,uart_speed1_5.csv
1767060814.74,STRAIGHT,0,0.0,1.5,25.71,uart_speed1_5.csv
1767060814.85,STRAIGHT,0,0.0,1.5,25.71,uart_speed1_5.csv
1767060814.98,STRAIGHT,0,0.0,1.5,25.71,uart_speed1_5.csv
1767060815.09,STRAIGHT,0,0.0,1.5,25.71,uart_speed1_5.csv
1767060815.2,STRAIGHT,0,0.0,1.5,25.36,uart_speed1_5.csv
1767060815.4,STRAIGHT,0,0.0,1.5,25.36,uart_speed1_5.csv
1767060815.54,STRAIGHT,0,0.0,1.5,25.36,uart_speed1_5.csv
1767060815.67,RIGHT,12,0.124,1.562,25.36,uart_speed1_5.csv
1767060815.81,RIGHT,16,0.166,1.583,25.36,uart_speed1_5.csv
1767060815.94,RIGHT,18,0.188,1.594,25.36,uart_speed1_5.csv
1767060816.07,RIGHT,18,0.189,1.594,25.36,uart_speed1_5.csv
1767060816.2,RIGHT,17,0.179,1.589,20.37,uart_speed1_5.csv
1767060816.33,RIGHT,15,0.16,1.58,20.37,uart_speed1_5.csv
1767060816.47,RIGHT,15,0.15,1.575,20.37,uart_speed1_5.csv
1767060816.61,RIGHT,14,0.144,1.572,20.37,uart_speed1_5.csv
1767060816.73,RIGHT,14,0.146,1.573,20.37,uart_speed1_5.csv
1767060816.86,RIGHT,15,0.152,1.576,20.37,uart_speed1_5.csv
1767060816.98,RIGHT,15,0.155,1.578,20.37,uart_speed1_5.csv
1767060817.1,RIGHT,15,0.154,1.577,20.37,uart_speed1_5.csv
1767060817.23,RIGHT,15,0.155,1.578,23.32,uart_speed1_5.csv
1767060817.34,RIGHT,16,0.168,1.584,23.32,uart_speed1_5.csv
1767060817.46,RIGHT,17,0.178,1.589,23.32,uart_speed1_5.csv
1767060817.57,RIGHT,18,0.189,1.595,23.32,uart_speed1_5.csv
1767060817.7,RIGHT,22,0.222,1.611,23.32,uart_speed1_5.csv
1767060817.82,RIGHT,24,0.247,1.623,23.32,uart_speed1_5.csv
1767060817.93,RIGHT,24,0.243,1.622,23.32,uart_speed1_5.csv
1767060818.05,RIGHT,22,0.227,1.613,23.32,uart_speed1_5.csv
1767060818.16,RIGHT,19,0.193,1.597,23.32,uart_speed1_5.csv
1767060818.27,RIGHT,17,0.176,1.588,25.81,uart_speed1_5.csv
1767060818.39,RIGHT,15,0.154,1.577,25.81,uart_speed1_5.csv
1767060818.5,RIGHT,16,0.169,1.585,25.81,uart_speed1_5.csv
1767060818.62,RIGHT,19,0.2,1.6,25.81,uart_speed1_5.csv
1767060818.74,RIGHT,23,0.23,1.615,25.81,uart_speed1_5.csv
1767060818.85,RIGHT,25,0.253,1.627,25.81,uart_speed1_5.csv
1767060818.96,RIGHT,25,0.254,1.627,25.81,uart_speed1_5.csv
1767060819.08,RIGHT,24,0.247,1.623,25.81,uart_speed1_5.csv
1767060819.19,RIGHT,23,0.231,1.616,25.81,uart_speed1_5.csv
1767060819.31,RIGHT,20,0.209,1.604,26.2,uart_speed1_5.csv
1767060819.42,RIGHT,18,0.189,1.595,26.2,uart_speed1_5.csv
1767060819.53,RIGHT,18,0.182,1.591,26.2,uart_speed1_5.csv
1767060819.66,RIGHT,17,0.176,1.588,26.2,uart_speed1_5.csv
1767060819.77,RIGHT,17,0.173,1.586,26.2,uart_speed1_5.csv
1767060819.89,RIGHT,16,0.168,1.584,26.2,uart_speed1_5.csv
1767060820.01,RIGHT,16,0.169,1.585,26.2,uart_speed1_5.csv
1767060820.11,RIGHT,16,0.17,1.585,26.2,uart_speed1_5.csv
1767060820.23,RIGHT,16,0.167,1.584,26.2,uart_speed1_5.csv
1767060820.34,RIGHT,16,0.168,1.584,25.97,uart_speed1_5.csv
1767060820.47,RIGHT,16,0.167,1.583,25.97,uart_speed1_5.csv
1767060820.58,RIGHT,16,0.165,1.582,25.97,uart_speed1_5.csv
1767060820.69,RIGHT,16,0.168,1.584,25.97,uart_speed1_5.csv
1767060820.8,RIGHT,16,0.164,1.582,25.97,uart_speed1_5.csv
1767060820.92,RIGHT,16,0.163,1.582,25.97,uart_speed1_5.csv
1767060821.03,RIGHT,16,0.165,1.582,25.97,uart_speed1_5.csv
1767060821.15,RIGHT,16,0.167,1.583,25.97,uart_speed1_5.csv
1767060821.27,RIGHT,17,0.177,1.588,25.97,uart_speed1_5.csv
1767060821.38,RIGHT,18,0.182,1.591,26.08,uart_speed1_5.csv
1767060821.5,RIGHT,18,0.186,1.593,26.08,uart_speed1_5.csv
1767060821.62,RIGHT,18,0.18,1.59,26.08,uart_speed1_5.csv
1767060821.73,RIGHT,18,0.181,1.59,26.08,uart_speed1_5.csv
1767060821.85,RIGHT,17,0.176,1.588,26.08,uart_speed1_5.csv
1767060821.97,RIGHT,16,0.17,1.585,26.08,uart_speed1_5.csv
1767060822.09,RIGHT,15,0.158,1.579,26.08,uart_speed1_5.csv
1767060822.21,RIGHT,11,0.118,1.559,26.08,uart_speed1_5.csv
1767060822.32,RIGHT,8,0.08,1.54,25.45,uart_speed1_5.csv
1767060822.44,RIGHT,12,0.128,1.564,25.45,uart_speed1_5.csv
1767060822.55,RIGHT,8,0.084,1.542,25.45,uart_speed1_5.csv
1767060822.67,LEFT,10,-0.101,1.449,25.45,uart_speed1_5.csv
1767060822.79,LEFT,23,-0.237,1.381,25.45,uart_speed1_5.csv
1767060822.91,LEFT,16,-0.169,1.416,25.45,uart_speed1_5.csv
1767060823.05,LEFT,11,-0.115,1.442,25.45,uart_speed1_5.csv
1767060823.16,STRAIGHT,0,0.0,1.5,25.45,uart_speed1_5.csv
1767060823.27,RIGHT,14,0.15,1.575,25.45,uart_speed1_5.csv
1767060823.4,RIGHT,20,0.205,1.602,25.0,uart_speed1_5.csv
1767060823.53,RIGHT,24,0.24,1.62,25.0,uart_speed1_5.csv
1767060823.66,RIGHT,25,0.253,1.626,25.0,uart_speed1_5.csv
1767060823.77,RIGHT,21,0.218,1.609,25.0,uart_speed1_5.csv
1767060823.89,RIGHT,10,0.107,1.553,25.0,uart_speed1_5.csv
1767060824.02,STRAIGHT,0,0.0,1.5,25.0,uart_speed1_5.csv
1767060824.14,STRAIGHT,0,0.0,1.5,25.0,uart_speed1_5.csv
1767060824.27,STRAIGHT,0,0.0,1.5,25.0,uart_speed1_5.csv
1767060824.39,STRAIGHT,0,0.0,1.5,24.27,uart_speed1_5.csv
1767060824.51,STRAIGHT,0,0.0,1.5,24.27,uart_speed1_5.csv
1767060824.62,RIGHT,9,0.1,1.55,24.27,uart_speed1_5.csv
1767060824.74,RIGHT,11,0.114,1.557,24.27,uart_speed1_5.csv
1767060824.86,RIGHT,11,0.119,1.559,24.27,uart_speed1_5.csv
1767060824.98,RIGHT,11,0.118,1.559,24.27,uart_speed1_5.csv
1767060825.09,RIGHT,11,0.113,1.557,24.27,uart_speed1_5.csv
1767060825.21,RIGHT,10,0.101,1.55,24.27,uart_speed1_5.csv
1767060825.34,RIGHT,8,0.08,1.54,24.27,uart_speed1_5.csv
1767060825.45,STRAIGHT,0,0.0,1.5,24.9,uart_speed1_5.csv
1767060825.57,STRAIGHT,0,0.0,1.5,24.9,uart_speed1_5.csv
1767060825.69,STRAIGHT,0,0.0,1.5,24.9,uart_speed1_5.csv
1767060825.81,STRAIGHT,0,0.0,1.5,24.9,uart_speed1_5.csv
1767060825.93,STRAIGHT,0,0.0,1.5,24.9,uart_speed1_5.csv
1767060826.06,LEFT,10,-0.103,1.449,24.9,uart_speed1_5.csv
1767060826.16,LEFT,12,-0.123,1.439,24.9,uart_speed1_5.csv
1767060826.28,LEFT,13,-0.135,1.432,24.9,uart_speed1_5.csv
1767060826.39,LEFT,14,-0.147,1.427,24.9,uart_speed1_5.csv
1767060826.51,LEFT,15,-0.151,1.424,25.23,uart_speed1_5.csv
1767060826.62,LEFT,15,-0.156,1.422,25.23,uart_speed1_5.csv
1767060826.73,LEFT,15,-0.158,1.421,25.23,uart_speed1_5.csv
1767060826.85,LEFT,16,-0.161,1.42,25.23,uart_speed1_5.csv
1767060826.97,LEFT,16,-0.162,1.419,25.23,uart_speed1_5.csv
1767060827.09,LEFT,16,-0.162,1.419,25.23,uart_speed1_5.csv
1767060827.21,LEFT,16,-0.163,1.419,25.23,uart_speed1_5.csv
1767060827.32,LEFT,16,-0.163,1.419,25.23,uart_speed1_5.csv
1767060827.43,LEFT,17,-0.173,1.413,25.84,uart_speed1_5.csv
1767060827.56,LEFT,25,-0.255,1.372,25.84,uart_speed1_5.csv
1767060827.67,LEFT,30,-0.307,1.346,25.84,uart_speed1_5.csv
1767060827.79,LEFT,33,-0.34,1.33,25.84,uart_speed1_5.csv
1767060827.91,LEFT,35,-0.358,1.321,25.84,uart_speed1_5.csv
1767060828.03,LEFT,36,-0.368,1.316,25.84,uart_speed1_5.csv
1767060828.16,LEFT,37,-0.372,1.314,25.84,uart_speed1_5.csv
1767060828.28,LEFT,37,-0.375,1.313,25.84,uart_speed1_5.csv
1767060828.4,LEFT,37,-0.376,1.312,25.84,uart_speed1_5.csv
1767060828.52,LEFT,37,-0.377,1.312,24.86,uart_speed1_5.csv
1767060828.63,LEFT,37,-0.377,1.311,24.86,uart_speed1_5.csv
1767060834.21,STRAIGHT,0,0.0,1.5,0.0,uart_speed2.csv
1767060834.35,RIGHT,12,0.129,1.565,0.0,uart_speed2.csv
1767060834.48,RIGHT,10,0.104,1.552,0.0,uart_speed2.csv
1767060834.6,RIGHT,9,0.091,1.545,0.0,uart_speed2.csv
1767060834.71,STRAIGHT,0,0.0,1.5,0.0,uart_speed2.csv
1767060834.82,STRAIGHT,0,0.0,1.5,0.0,uart_speed2.csv
1767060834.93,STRAIGHT,0,0.0,1.5,0.0,uart_speed2.csv
1767060835.06,STRAIGHT,0,0.0,1.5,20.76,uart_speed2.csv
1767060835.18,STRAIGHT,0,0.0,1.5,20.76,uart_speed2.csv
1767060835.29,STRAIGHT,0,0.0,1.5,20.76,uart_speed2.csv
1767060835.41,RIGHT,9,0.093,1.547,20.76,uart_speed2.csv
1767060835.52,RIGHT,20,0.205,1.603,20.76,uart_speed2.csv
1767060835.64,RIGHT,27,0.272,1.636,20.76,uart_speed2.csv
1767060835.75,RIGHT,24,0.25,1.625,20.76,uart_speed2.csv
1767060835.87,RIGHT,19,0.196,1.598,20.76,uart_speed2.csv
1767060835.99,RIGHT,27,0.272,1.636,20.76,uart_speed2.csv
1767060836.11,RIGHT,49,0.494,1.747,25.74,uart_speed2.csv
1767060836.22,RIGHT,62,0.629,1.814,25.74,uart_speed2.csv
1767060836.34,RIGHT,74,0.746,1.873,25.74,uart_speed2.csv
1767060836.46,RIGHT,77,0.771,1.886,25.74,uart_speed2.csv
1767060836.58,RIGHT,82,0.829,1.914,25.74,uart_speed2.csv
1767060836.69,RIGHT,91,0.912,1.956,25.74,uart_speed2.csv
1767060836.81,RIGHT,95,0.955,1.978,25.74,uart_speed2.csv
1767060836.92,RIGHT,97,0.977,1.989,25.74,uart_speed2.csv
1767060837.03,RIGHT,92,0.923,1.962,25.96,uart_speed2.csv
1767060837.15,RIGHT,80,0.806,1.903,25.96,uart_speed2.csv
1767060837.26,RIGHT,55,0.558,1.779,25.96,uart_speed2.csv
1767060837.38,RIGHT,41,0.419,1.709,25.96,uart_speed2.csv
1767060837.5,RIGHT,33,0.33,1.665,25.96,uart_speed2.csv
1767060837.61,RIGHT,42,0.426,1.713,25.96,uart_speed2.csv
1767060837.72,RIGHT,64,0.645,1.822,25.96,uart_speed2.csv
1767060837.84,RIGHT,61,0.615,1.807,25.96,uart_speed2.csv
1767060837.95,RIGHT,56,0.566,1.783,25.96,uart_speed2.csv
1767060838.07,RIGHT,66,0.66,1.83,25.98,uart_speed2.csv
1767060838.19,RIGHT,76,0.763,1.882,25.98,uart_speed2.csv
1767060838.31,RIGHT,74,0.743,1.872,25.98,uart_speed2.csv
1767060838.43,RIGHT,71,0.716,1.858,25.98,uart_speed2.csv
1767060838.54,RIGHT,66,0.667,1.834,25.98,uart_speed2.csv
1767060838.67,RIGHT,58,0.588,1.794,25.98,uart_speed2.csv
1767060838.79,RIGHT,28,0.282,1.641,25.98,uart_speed2.csv
1767060838.91,STRAIGHT,0,0.0,1.5,25.98,uart_speed2.csv
1767060839.02,LEFT,21,-0.214,1.393,25.98,uart_speed2.csv
1767060839.14,LEFT,39,-0.391,1.304,25.31,uart_speed2.csv
1767060839.25,LEFT,35,-0.353,1.324,25.31,uart_speed2.csv
1767060839.37,LEFT,48,-0.488,1.256,25.31,uart_speed2.csv
1767060839.48,LEFT,27,-0.27,1.365,25.31,uart_speed2.csv
1767060839.6,LEFT,23,-0.232,1.384,25.31,uart_speed2.csv
1767060839.72,LEFT,34,-0.341,1.329,25.31,uart_speed2.csv
1767060839.83,LEFT,62,-0.629,1.185,25.31,uart_speed2.csv
1767060839.95,LEFT,78,-0.783,1.109,25.31,uart_speed2.csv
1767060840.07,LEFT,84,-0.847,1.077,25.31,uart_speed2.csv
1767060840.19,LEFT,80,-0.808,1.096,25.88,uart_speed2.csv
1767060840.31,LEFT,82,-0.822,1.089,25.88,uart_speed2.csv
1767060840.43,LEFT,70,-0.703,1.149,25.88,uart_speed2.csv
1767060840.55,LEFT,50,-0.504,1.248,25.88,uart_speed2.csv
1767060840.68,STRAIGHT,0,0.0,1.5,25.88,uart_speed2.csv
1767060840.79,RIGHT,51,0.514,1.757,25.88,uart_speed2.csv
1767060840.91,RIGHT,75,0.751,1.876,25.88,uart_speed2.csv
1767060841.02,RIGHT,87,0.871,1.935,25.88,uart_speed2.csv
1767060841.14,RIGHT,93,0.934,1.967,25.12,uart_speed2.csv
1767060841.27,RIGHT,91,0.918,1.959,25.12,uart_speed2.csv
1767060841.38,RIGHT,79,0.794,1.897,25.12,uart_speed2.csv
1767060841.49,RIGHT,67,0.675,1.838,25.12,uart_speed2.csv
1767060841.63,RIGHT,50,0.508,1.754,25.12,uart_speed2.csv
1767060841.75,RIGHT,42,0.426,1.713,25.12,uart_speed2.csv
1767060841.87,RIGHT,34,0.349,1.674,25.12,uart_speed2.csv
1767060841.99,RIGHT,28,0.283,1.642,25.12,uart_speed2.csv
1767060842.1,RIGHT,27,0.273,1.637,25.12,uart_speed2.csv
1767060842.22,RIGHT,26,0.268,1.634,24.96,uart_speed2.csv
1767060842.33,RIGHT,26,0.264,1.632,24.96,uart_speed2.csv
1767060842.45,RIGHT,34,0.345,1.673,24.96,uart_speed2.csv
1767060842.56,RIGHT,42,0.427,1.713,24.96,uart_speed2.csv
1767060842.68,RIGHT,55,0.55,1.775,24.96,uart_speed2.csv
1767060842.8,RIGHT,75,0.752,1.876,24.96,uart_speed2.csv
1767060842.92,RIGHT,83,0.832,1.916,24.96,uart_speed2.csv
1767060843.03,RIGHT,84,0.841,1.921,24.96,uart_speed2.csv
1767060843.15,RIGHT,69,0.697,1.848,25.71,uart_speed2.csv
1767060843.27,RIGHT,47,0.477,1.739,25.71,uart_speed2.csv
1767060843.39,RIGHT,33,0.333,1.666,25.71,uart_speed2.csv
1767060843.52,RIGHT,22,0.224,1.612,25.71,uart_speed2.csv
1767060843.62,RIGHT,8,0.081,1.541,25.71,uart_speed2.csv
1767060843.74,STRAIGHT,0,0.0,1.5,25.71,uart_speed2.csv
1767060843.86,STRAIGHT,0,0.0,1.5,25.71,uart_speed2.csv
1767060843.98,STRAIGHT,0,0.0,1.5,25.71,uart_speed2.csv
1767060844.1,RIGHT,13,0.131,1.565,25.71,uart_speed2.csv
1767060844.23,RIGHT,13,0.134,1.567,25.06,uart_speed2.csv
1767060844.34,RIGHT,16,0.161,1.581,25.06,uart_speed2.csv
1767060844.46,RIGHT,19,0.198,1.599,25.06,uart_speed2.csv
1767060844.58,RIGHT,17,0.172,1.586,25.06,uart_speed2.csv
1767060844.71,RIGHT,24,0.243,1.621,25.06,uart_speed2.csv
1767060844.83,RIGHT,31,0.312,1.656,25.06,uart_speed2.csv
1767060844.95,RIGHT,33,0.336,1.668,25.06,uart_speed2.csv
1767060845.06,RIGHT,36,0.362,1.681,25.06,uart_speed2.csv
1767060845.18,RIGHT,41,0.412,1.706,25.06,uart_speed2.csv
1767060845.3,RIGHT,52,0.524,1.762,25.19,uart_speed2.csv
1767060845.41,RIGHT,72,0.728,1.864,25.19,uart_speed2.csv
1767060845.53,RIGHT,82,0.827,1.914,25.19,uart_speed2.csv
1767060845.64,RIGHT,83,0.835,1.918,25.19,uart_speed2.csv
1767060845.76,RIGHT,84,0.849,1.925,25.19,uart_speed2.csv
1767060845.88,RIGHT,85,0.851,1.926,25.19,uart_speed2.csv
1767060846.0,RIGHT,78,0.787,1.893,25.19,uart_speed2.csv
1767060846.12,RIGHT,65,0.66,1.83,25.19,uart_speed2.csv
1767060846.24,RIGHT,57,0.571,1.786,25.41,uart_speed2.csv
1767060846.36,RIGHT,49,0.494,1.747,25.41,uart_speed2.csv
1767060846.48,RIGHT,40,0.405,1.702,25.41,uart_speed2.csv
1767060846.6,RIGHT,32,0.33,1.665,25.41,uart_speed2.csv
1767060846.71,RIGHT,22,0.229,1.614,25.41,uart_speed2.csv
1767060846.83,RIGHT,17,0.174,1.587,25.41,uart_speed2.csv
1767060846.96,STRAIGHT,0,0.0,1.5,25.41,uart_speed2.csv
1767060847.07,STRAIGHT,0,0.0,1.5,25.41,uart_speed2.csv
1767060847.19,STRAIGHT,0,0.0,1.5,25.41,uart_speed2.csv
1767060847.31,STRAIGHT,0,0.0,1.5,25.22,uart_speed2.csv
1767060847.43,RIGHT,15,0.159,1.579,25.22,uart_speed2.csv
1767060847.55,RIGHT,22,0.221,1.611,25.22,uart_speed2.csv
1767060847.65,RIGHT,22,0.23,1.615,25.22,uart_speed2.csv
1767060847.77,RIGHT,24,0.242,1.621,25.22,uart_speed2.csv
1767060847.88,RIGHT,22,0.222,1.611,25.22,uart_speed2.csv
1767060848.0,RIGHT,26,0.265,1.633,25.22,uart_speed2.csv
1767060848.12,RIGHT,42,0.422,1.711,25.22,uart_speed2.csv
1767060848.23,RIGHT,62,0.623,1.812,25.22,uart_speed2.csv
1767060848.34,RIGHT,57,0.579,1.789,26.16,uart_speed2.csv
1767060848.46,RIGHT,36,0.37,1.685,26.16,uart_speed2.csv
1767060848.57,RIGHT,16,0.169,1.584,26.16,uart_speed2.csv
1767060848.69,STRAIGHT,0,0.0,1.5,26.16,uart_speed2.csv
1767060848.81,LEFT,19,-0.193,1.403,26.16,uart_speed2.csv
1767060848.93,LEFT,26,-0.263,1.368,26.16,uart_speed2.csv
1767060849.04,LEFT,29,-0.3,1.35,26.16,uart_speed2.csv
1767060849.16,LEFT,32,-0.322,1.339,26.16,uart_speed2.csv
1767060849.28,LEFT,33,-0.334,1.333,26.16,uart_speed2.csv
1767060849.39,LEFT,34,-0.343,1.328,25.78,uart_speed2.csv
1767060849.51,LEFT,34,-0.349,1.325,25.78,uart_speed2.csv
1767060849.62,LEFT,33,-0.334,1.333,25.78,uart_speed2.csv
1767060849.74,LEFT,26,-0.263,1.369,25.78,uart_speed2.csv
1767060849.86,LEFT,21,-0.216,1.392,25.78,uart_speed2.csv
1767060849.97,LEFT,26,-0.265,1.367,25.78,uart_speed2.csv
1767060850.16,LEFT,28,-0.283,1.358,25.78,uart_speed2.csv
1767060850.29,LEFT,31,-0.315,1.342,25.78,uart_speed2.csv
1767060850.42,LEFT,34,-0.348,1.326,22.5,uart_speed2.csv
1767060850.56,LEFT,37,-0.374,1.313,22.5,uart_speed2.csv
1767060850.68,LEFT,42,-0.423,1.289,22.5,uart_speed2.csv
1767060850.81,LEFT,45,-0.451,1.275,22.5,uart_speed2.csv
1767060850.95,LEFT,45,-0.451,1.274,22.5,uart_speed2.csv
1767060851.08,LEFT,44,-0.441,1.279,22.5,uart_speed2.csv
1767060851.21,LEFT,44,-0.445,1.278,22.5,uart_speed2.csv
1767060851.34,LEFT,44,-0.442,1.279,22.5,uart_speed2.csv
1767060851.45,LEFT,44,-0.441,1.28,23.15,uart_speed2.csv
1767060851.58,LEFT,44,-0.44,1.28,23.15,uart_speed2.csv
1767060851.7,LEFT,44,-0.445,1.278,23.15,uart_speed2.csv
1767060851.81,LEFT,45,-0.452,1.274,23.15,uart_speed2.csv
1767060851.94,LEFT,46,-0.461,1.269,23.15,uart_speed2.csv
1767060852.05,LEFT,45,-0.458,1.271,23.15,uart_speed2.csv
1767060852.17,LEFT,45,-0.456,1.272,23.15,uart_speed2.csv
1767060852.3,LEFT,46,-0.465,1.268,23.15,uart_speed2.csv
1767060852.41,LEFT,50,-0.503,1.249,25.1,uart_speed2.csv
1767060852.54,LEFT,48,-0.487,1.257,25.1,uart_speed2.csv
1767060852.66,LEFT,33,-0.333,1.333,25.1,uart_speed2.csv
1767060852.77,LEFT,17,-0.175,1.413,25.1,uart_speed2.csv
1767060852.9,STRAIGHT,0,0.0,1.5,25.1,uart_speed2.csv
1767060853.02,STRAIGHT,0,0.0,1.5,25.1,uart_speed2.csv
1767060853.13,STRAIGHT,0,0.0,1.5,25.1,uart_speed2.csv
1767060853.25,STRAIGHT,0,0.0,1.5,25.1,uart_speed2.csv
1767060853.36,STRAIGHT,0,0.0,1.5,25.1,uart_speed2.csv
1767060853.49,STRAIGHT,0,0.0,1.5,25.07,uart_speed2.csv
1767060853.6,STRAIGHT,0,0.0,1.5,25.07,uart_speed2.csv
1767060853.73,STRAIGHT,0,0.0,1.5,25.07,uart_speed2.csv
1767060853.85,STRAIGHT,0,0.0,1.5,25.07,uart_speed2.csv
1767060853.96,STRAIGHT,0,0.0,1.5,25.07,uart_speed2.csv
1767060854.08,STRAIGHT,0,0.0,1.5,25.07,uart_speed2.csv
1767060854.2,STRAIGHT,0,0.0,1.5,25.07,uart_speed2.csv
1767060854.32,STRAIGHT,0,0.0,1.5,25.07,uart_speed2.csv
1767060854.45,RIGHT,8,0.085,1.543,24.91,uart_speed2.csv
1767060854.56,RIGHT,9,0.091,1.545,24.91,uart_speed2.csv
1767060854.68,RIGHT,8,0.09,1.545,24.91,uart_speed2.csv
1767060854.8,RIGHT,9,0.09,1.545,24.91,uart_speed2.csv
1767060854.91,RIGHT,10,0.101,1.55,24.91,uart_speed2.csv
1767060855.03,RIGHT,13,0.139,1.569,24.91,uart_speed2.csv
1767060855.16,RIGHT,15,0.153,1.576,24.91,uart_speed2.csv
1767060855.26,RIGHT,10,0.101,1.55,24.91,uart_speed2.csv
1767060855.38,RIGHT,17,0.171,1.586,24.91,uart_speed2.csv
1767060855.49,RIGHT,13,0.139,1.569,25.91,uart_speed2.csv
1767060855.6,RIGHT,10,0.106,1.553,25.91,uart_speed2.csv
1767060855.74,RIGHT,13,0.131,1.566,25.91,uart_speed2.csv
1767060855.85,RIGHT,14,0.143,1.571,25.91,uart_speed2.csv
1767060855.98,RIGHT,12,0.126,1.563,25.91,uart_speed2.csv
1767060856.09,STRAIGHT,0,0.0,1.5,25.91,uart_speed2.csv
1767060856.2,STRAIGHT,0,0.0,1.5,25.91,uart_speed2.csv
1767060856.32,STRAIGHT,0,0.0,1.5,25.91,uart_speed2.csv
1767060856.43,STRAIGHT,0,0.0,1.5,25.91,uart_speed2.csv
1767060856.54,STRAIGHT,0,0.0,1.5,25.8,uart_speed2.csv
1767060856.66,STRAIGHT,0,0.0,1.5,25.8,uart_speed2.csv
1767060856.77,STRAIGHT,0,0.0,1.5,25.8,uart_speed2.csv
1767060856.88,STRAIGHT,0,0.0,1.5,25.8,uart_speed2.csv
1767060856.99,STRAIGHT,0,0.0,1.5,25.8,uart_speed2.csv
1767060857.1,STRAIGHT,0,0.0,1.5,25.8,uart_speed2.csv
1767060857.21,STRAIGHT,0,0.0,1.5,25.8,uart_speed2.csv
1767060857.33,STRAIGHT,0,0.0,1.5,25.8,uart_speed2.csv
1767060857.44,STRAIGHT,0,0.0,1.5,25.8,uart_speed2.csv
1767060857.55,STRAIGHT,0,0.0,1.5,26.65,uart_speed2.csv
1767060857.66,STRAIGHT,0,0.0,1.5,26.65,uart_speed2.csv
1767060857.78,STRAIGHT,0,0.0,1.5,26.65,uart_speed2.csv
1767060857.9,STRAIGHT,0,0.0,1.5,26.65,uart_speed2.csv
1767060858.01,LEFT,10,-0.107,1.446,26.65,uart_speed2.csv
1767060858.14,LEFT,8,-0.088,1.456,26.65,uart_speed2.csv
1767060858.26,STRAIGHT,0,0.0,1.5,26.65,uart_speed2.csv
1767060858.38,STRAIGHT,0,0.0,1.5,26.65,uart_speed2.csv
1767060858.5,RIGHT,8,0.081,1.541,25.32,uart_speed2.csv
1767060858.61,STRAIGHT,0,0.0,1.5,25.32,uart_speed2.csv
1767060858.73,STRAIGHT,0,0.0,1.5,25.32,uart_speed2.csv
1767060858.84,STRAIGHT,0,0.0,1.5,25.32,uart_speed2.csv
1767060858.96,STRAIGHT,0,0.0,1.5,25.32,uart_speed2.csv
1767060859.09,STRAIGHT,0,0.0,1.5,25.32,uart_speed2.csv
1767060859.2,STRAIGHT,0,0.0,1.5,25.32,uart_speed2.csv
1767060859.32,STRAIGHT,0,0.0,1.5,25.32,uart_speed2.csv
1767060859.44,STRAIGHT,0,0.0,1.5,25.32,uart_speed2.csv
1767060859.56,STRAIGHT,0,0.0,1.5,25.64,uart_speed2.csv
1767060859.68,STRAIGHT,0,0.0,1.5,25.64,uart_speed2.csv
1767060859.79,STRAIGHT,0,0.0,1.5,25.64,uart_speed2.csv
1767060859.91,STRAIGHT,0,0.0,1.5,25.64,uart_speed2.csv
1767060860.03,STRAIGHT,0,0.0,1.5,25.64,uart_speed2.csv
1767060860.15,STRAIGHT,0,0.0,1.5,25.64,uart_speed2.csv
1767060860.27,STRAIGHT,0,0.0,1.5,25.64,uart_speed2.csv
1767060860.38,STRAIGHT,0,0.0,1.5,25.64,uart_speed2.csv
1767060860.5,RIGHT,8,0.087,1.544,25.64,uart_speed2.csv
1767060860.62,RIGHT,10,0.106,1.553,25.44,uart_speed2.csv
1767060860.74,RIGHT,14,0.144,1.572,25.44,uart_speed2.csv
1767060860.86,RIGHT,14,0.144,1.572,25.44,uart_speed2.csv
1767060860.98,RIGHT,10,0.107,1.553,25.44,uart_speed2.csv
1767060861.09,RIGHT,9,0.09,1.545,25.44,uart_speed2.csv
1767060861.22,RIGHT,9,0.098,1.549,25.44,uart_speed2.csv
1767060861.35,STRAIGHT,0,0.0,1.5,25.44,uart_speed2.csv
1767060861.48,STRAIGHT,0,0.0,1.5,25.44,uart_speed2.csv
1767060861.59,STRAIGHT,0,0.0,1.5,24.67,uart_speed2.csv
1767060861.71,STRAIGHT,0,0.0,1.5,24.67,uart_speed2.csv
1767060861.81,STRAIGHT,0,0.0,1.5,24.67,uart_speed2.csv
1767060861.94,STRAIGHT,0,0.0,1.5,24.67,uart_speed2.csv
1767060862.05,RIGHT,12,0.129,1.564,24.67,uart_speed2.csv
1767060862.17,RIGHT,15,0.158,1.579,24.67,uart_speed2.csv
1767060862.29,RIGHT,15,0.155,1.578,24.67,uart_speed2.csv
1767060862.4,RIGHT,14,0.147,1.573,24.67,uart_speed2.csv
1767060862.53,RIGHT,15,0.15,1.575,24.67,uart_speed2.csv
1767060862.64,RIGHT,15,0.151,1.576,25.67,uart_speed2.csv
1767060862.76,RIGHT,16,0.167,1.584,25.67,uart_speed2.csv
1767060862.88,RIGHT,18,0.188,1.594,25.67,uart_speed2.csv
1767060863.0,RIGHT,22,0.223,1.612,25.67,uart_speed2.csv
1767060863.12,RIGHT,22,0.222,1.611,25.67,uart_speed2.csv
1767060863.23,RIGHT,19,0.191,1.595,25.67,uart_speed2.csv
1767060863.35,RIGHT,18,0.186,1.593,25.67,uart_speed2.csv
1767060863.47,RIGHT,22,0.223,1.612,25.67,uart_speed2.csv
1767060863.59,RIGHT,23,0.238,1.619,25.33,uart_speed2.csv
1767060863.71,RIGHT,22,0.229,1.614,25.33,uart_speed2.csv
1767060863.83,RIGHT,20,0.202,1.601,25.33,uart_speed2.csv
1767060863.95,RIGHT,18,0.187,1.594,25.33,uart_speed2.csv
1767060864.06,RIGHT,17,0.177,1.588,25.33,uart_speed2.csv
1767060864.19,RIGHT,17,0.172,1.586,25.33,uart_speed2.csv
1767060864.31,RIGHT,16,0.17,1.585,25.33,uart_speed2.csv
1767060864.43,RIGHT,16,0.168,1.584,25.33,uart_speed2.csv
1767060864.54,RIGHT,16,0.167,1.583,25.33,uart_speed2.csv
1767060864.66,RIGHT,16,0.165,1.583,25.15,uart_speed2.csv
1767060864.78,RIGHT,17,0.175,1.588,25.15,uart_speed2.csv
1767060864.9,RIGHT,17,0.18,1.59,25.15,uart_speed2.csv
1767060865.01,RIGHT,17,0.179,1.589,25.15,uart_speed2.csv
1767060865.13,RIGHT,17,0.173,1.586,25.15,uart_speed2.csv
1767060865.25,RIGHT,12,0.123,1.561,25.15,uart_speed2.csv
1767060865.37,RIGHT,10,0.102,1.551,25.15,uart_speed2.csv
1767060865.48,STRAIGHT,0,0.0,1.5,25.15,uart_speed2.csv
1767060865.58,LEFT,12,-0.12,1.44,25.15,uart_speed2.csv
1767060865.7,STRAIGHT,0,0.0,1.5,26.06,uart_speed2.csv
1767060865.81,RIGHT,14,0.144,1.572,26.06,uart_speed2.csv
1767060865.92,RIGHT,19,0.199,1.599,26.06,uart_speed2.csv
1767060866.05,RIGHT,11,0.117,1.559,26.06,uart_speed2.csv
1767060866.16,STRAIGHT,0,0.0,1.5,26.06,uart_speed2.csv
1767060866.28,STRAIGHT,0,0.0,1.5,26.06,uart_speed2.csv
1767060866.41,RIGHT,9,0.094,1.547,26.06,uart_speed2.csv
1767060866.53,RIGHT,10,0.108,1.554,26.06,uart_speed2.csv
1767060866.65,RIGHT,10,0.106,1.553,26.06,uart_speed2.csv
1767060866.76,STRAIGHT,0,0.0,1.5,25.23,uart_speed2.csv
1767060866.88,STRAIGHT,0,0.0,1.5,25.23,uart_speed2.csv
1767060866.99,STRAIGHT,0,0.0,1.5,25.23,uart_speed2.csv
1767060867.11,LEFT,8,-0.083,1.458,25.23,uart_speed2.csv
1767060867.22,LEFT,11,-0.118,1.441,25.23,uart_speed2.csv
1767060867.34,LEFT,13,-0.137,1.432,25.23,uart_speed2.csv
1767060867.45,LEFT,14,-0.15,1.425,25.23,uart_speed2.csv
1767060867.57,LEFT,15,-0.156,1.422,25.23,uart_speed2.csv
1767060867.68,LEFT,15,-0.159,1.42,25.23,uart_speed2.csv
1767060867.8,LEFT,20,-0.206,1.397,26.19,uart_speed2.csv
1767060867.92,LEFT,28,-0.285,1.358,26.19,uart_speed2.csv
1767060868.03,LEFT,32,-0.33,1.335,26.19,uart_speed2.csv
1767060868.14,LEFT,35,-0.353,1.323,26.19,uart_speed2.csv
1767060868.26,LEFT,36,-0.365,1.318,26.19,uart_speed2.csv
1767060868.39,LEFT,37,-0.371,1.315,26.19,uart_speed2.csv
